,Product Name,Price,Description,Review
0,"POCO C55 (Cool Blue, 128 GB)","₹9,499",6 GB RAM | 128 GB ROM | Expandable Upto 1 TB17.04 cm (6.71 inch) HD+ Display50MP Dual Rear Camera | 5MP Front Camera5000 mAh BatteryMediatek Helio G85 Processor1 Year Manufacturer Warranty for Phone and 6 Months Warranty for In the Box Accessories,4.1
1,"POCO C50 (Country Green, 32 GB)","₹9,499","2 GB RAM | 32 GB ROM | Expandable Upto 512 GB16.56 cm (6.52 inch) HD+ Display8MP Dual Camera | 5MP Front Camera5000 mAh Lithium Polymer BatteryMediatek Helio A22 Processor, Upto 2.0 GHz Processor1 Year Manufacturer Warranty for Phone and 6 Months Warranty for In the Box Accessories",4.2
2,"REDMI 11 Prime (Flashy Black, 128 GB)","₹5,499",6 GB RAM | 128 GB ROM | Expandable Upto 512 GB16.71 cm (6.58 inch) Full HD+ Display50MP + 2MP + 2MP | 8MP Front Camera5000 mAh BatteryHelio G99 Processor1 Year Manufacturer Warranty for Phone and 6 Months Warranty for In the Box Accessories,4.3
3,"REDMI 11 Prime (Peppy Purple, 128 GB)","₹10,999",6 GB RAM | 128 GB ROM | Expandable Upto 512 GB16.71 cm (6.58 inch) Full HD+ Display50MP + 2MP + 2MP | 8MP Front Camera5000 mAh BatteryHelio G99 Processor1 Year Manufacturer Warranty for Phone and 6 Months Warranty for In the Box Accessories,4.3
4,"Infinix Smart 7 HD (Green Apple, 64 GB)","₹10,999","2 GB RAM | 64 GB ROM | Expandable Upto 1 TB16.76 cm (6.6 inch) HD+ Display8MP + AI Lens | 5MP Front Camera5000 mAh BatterySpreadtrum 
SC9863A1 Processor1 Year on Handset and 6 Months on Accessories",4.4
5,"MOTOROLA e13 (Cosmic Black, 64 GB)","₹6,199",4 GB RAM | 64 GB ROM | Expandable Upto 1 TB16.51 cm (6.5 inch) HD+ Display13MP Rear Camera | 5MP Front Camera5000 mAh BatteryUnisoc T606 Processor1 Year on Handset and 6 Months on Accessories,4
6,"POCO C51 (Royal Blue, 64 GB)","₹7,299",4 GB RAM | 64 GB ROM | Expandable Upto 1 TB16.56 cm (6.52 inch) HD+ Display8MP Dual Rear Camera | 5MP Front Camera5000 mAh BatteryHelio G36 Processor1 Year Manufacturer Warranty for Phone and 6 Months Warranty for in the Box Accessories,4.3
7,"MOTOROLA G32 (Mineral Gray, 128 GB)","₹6,999",8 GB RAM | 128 GB ROM16.51 cm (6.5 inch) Full HD+ Display50MP + 8MP + 2MP | 16MP Front Camera5000 mAh Lithium Polymer BatteryQualcomm Snapdragon 680 Processor1 Year on Handset and 6 Months on Accessories,4.1
8,"Infinix SMART 7 (Emerald Green, 64 GB)","₹11,999",4 GB RAM | 64 GB ROM | Expandable Upto 2 TB16.76 cm (6.6 inch) HD+ Display13MP + AI Lens | 5MP Front Camera6000 mAh BatteryUnisoc Spreadtrum SC9863A1 Processor1 Year on Handset and 6 Months on Accessories,4.3
9,"Infinix SMART 7 (Azure Blue, 64 GB)","₹7,299",4 GB RAM | 64 GB ROM | Expandable Upto 2 TB16.76 cm (6.6 inch) HD+ Display13MP + AI Lens | 5MP Front Camera6000 mAh BatteryUnisoc Spreadtrum SC9863A1 Processor1 Year on Handset and 6 Months on Accessories,4.3
10,"Infinix SMART 7 (Night Black, 64 GB)","₹7,299",4 GB RAM | 64 GB ROM | Expandable Upto 2 TB16.76 cm (6.6 inch) HD+ Display13MP + AI Lens | 5MP Front Camera6000 mAh BatteryUnisoc Spreadtrum SC9863A1 Processor1 Year on Handset and 6 Months on Accessories,4.3
11,"MOTOROLA g13 (Lavender Blue, 128 GB)","₹7,299",4 GB RAM | 128 GB ROM | Expandable Upto 1 TB16.51 cm (6.5 inch) HD+ Display50MP + 2MP + 2MP | 8MP Front Camera5000 mAh BatteryHelio G85 Processor1 Year on Handset and 6 Months on Accessories,3.9
12,"POCO C50 (Royal Blue, 32 GB)","₹9,999","3 GB RAM | 32 GB ROM | Expandable Upto 512 GB16.56 cm (6.52 inch) HD+ Display8MP Dual Camera | 5MP Front Camera5000 mAh Lithium Polymer BatteryMediatek Helio A22 Processor, Upto 2.0 GHz Processor1 Year Manufacturer Warranty for Phone and 6 Months Warranty for In the Box Accessories",4
13,"REDMI 11 Prime (Playful Green, 128 GB)","₹6,199",6 GB RAM | 128 GB ROM | Expandable Upto 512 GB16.71 cm (6.58 inch) Full HD+ Display50MP + 2MP + 2MP | 8MP Front Camera5000 mAh BatteryHelio G99 Processor1 Year Manufacturer Warranty for Phone and 6 Months Warranty for In the Box Accessories,4.3
14,"REDMI A1+ (Light Green, 32 GB)","₹10,999",3 GB RAM | 32 GB ROM | Expandable Upto 512 GB16.56 cm (6.52 inch) HD+ Display8MP Rear Camera | 5MP Front Camera5000 mAh Lithium Polymer BatteryMediatek Helio A22 Processor1 Year Manufacturer Warranty for Phone and 6 Months Warranty for in the Box Accessories,4.1
15,"Infinix HOT 30i (Glacier Blue, 128 GB)","₹6,599",8 GB RAM | 128 GB ROM | Expandable Upto 1 TB16.76 cm (6.6 inch) HD+ Display50MP + AI Lens | 5MP Front Camera5000 mAh BatteryG37 Processor1 Year on Handset and 6 Months on Accessories,4.3
16,"Infinix HOT 30i (Marigold, 64 GB)","₹8,999",4 GB RAM | 64 GB ROM | Expandable Upto 1 TB16.76 cm (6.6 inch) HD+ Display50MP + AI Lens | 5MP Front Camera5000 mAh BatteryG37 Processor1 Year on Handset and 6 Months on Accessories,4.3
17,"Infinix HOT 30i (Glacier Blue, 64 GB)","₹7,999",4 GB RAM | 64 GB ROM | Expandable Upto 1 TB16.76 cm (6.6 inch) HD+ Display50MP + AI Lens | 5MP Front Camera5000 mAh BatteryG37 Processor1 Year on Handset and 6 Months on Accessories,4.3
18,"Infinix HOT 30i (Diamond White, 64 GB)","₹7,999",4 GB RAM | 64 GB ROM | Expandable Upto 1 TB16.76 cm (6.6 inch) HD+ Display50MP + AI Lens | 5MP Front Camera5000 mAh BatteryG37 Processor1 Year on Handset and 6 Months on Accessories,4.3
19,"Infinix HOT 30i (Diamond White, 128 GB)","₹7,999",8 GB RAM | 128 GB ROM | Expandable Upto 1 TB16.76 cm (6.6 inch) HD+ Display50MP + AI Lens | 5MP Front Camera5000 mAh BatteryG37 Processor1 Year on Handset and 6 Months on Accessories,4.3
20,"Infinix HOT 30i (Mirror Black, 64 GB)","₹8,999",4 GB RAM | 64 GB ROM | Expandable Upto 1 TB16.76 cm (6.6 inch) HD+ Display50MP + AI Lens | 5MP Front Camera5000 mAh BatteryG37 Processor1 Year on Handset and 6 Months on Accessories,4.3
21,"Infinix HOT 30i (Mirror Black, 128 GB)","₹7,999",8 GB RAM | 128 GB ROM | Expandable Upto 1 TB16.76 cm (6.6 inch) HD+ Display50MP + AI Lens | 5MP Front Camera5000 mAh BatteryG37 Processor1 Year on Handset and 6 Months on Accessories,4.3
22,"Infinix HOT 30i (Marigold, 128 GB)","₹8,999",8 GB RAM | 128 GB ROM | Expandable Upto 1 TB16.76 cm (6.6 inch) HD+ Display50MP + AI Lens | 5MP Front Camera5000 mAh BatteryG37 Processor1 Year on Handset and 6 Months on Accessories,4.3
23,"POCO C51 (Power Black, 64 GB)","₹8,999",4 GB RAM | 64 GB ROM | Expandable Upto 1 TB16.56 cm (6.52 inch) HD+ Display8MP Dual Rear Camera | 5MP Front Camera5000 mAh BatteryHelio G36 Processor1 Year Manufacturer Warranty for Phone and 6 Months Warranty for in the Box Accessories,4.3
24,"APPLE iPhone 11 (Red, 128 GB)","₹6,999",6 GB RAM | 128 GB ROM | Expandable Upto 1 TB17.04 cm (6.71 inch) HD+ Display50MP Dual Rear Camera | 5MP Front Camera5000 mAh BatteryMediatek Helio G85 Processor1 Year Manufacturer Warranty for Phone and 6 Months Warranty for In the Box Accessories,4.6
25,"OnePlus 10T 5G (Jade Green, 256 GB)","₹9,499","2 GB RAM | 32 GB ROM | Expandable Upto 512 GB16.56 cm (6.52 inch) HD+ Display8MP Dual Camera | 5MP Front Camera5000 mAh Lithium Polymer BatteryMediatek Helio A22 Processor, Upto 2.0 GHz Processor1 Year Manufacturer Warranty for Phone and 6 Months Warranty for In the Box Accessories",4.3
26,"realme X50 Pro (Moss Green, 256 GB)","₹5,499",6 GB RAM | 128 GB ROM | Expandable Upto 512 GB16.71 cm (6.58 inch) Full HD+ Display50MP + 2MP + 2MP | 8MP Front Camera5000 mAh BatteryHelio G99 Processor1 Year Manufacturer Warranty for Phone and 6 Months Warranty for In the Box Accessories,4.4
27,"OnePlus 10 Pro 5G (Volcanic Black, 128 GB)","₹10,999",6 GB RAM | 128 GB ROM | Expandable Upto 512 GB16.71 cm (6.58 inch) Full HD+ Display50MP + 2MP + 2MP | 8MP Front Camera5000 mAh BatteryHelio G99 Processor1 Year Manufacturer Warranty for Phone and 6 Months Warranty for In the Box Accessories,4.2
28,"OnePlus 9 Pro 5G (Stellar Black, 256 GB)","₹10,999","2 GB RAM | 64 GB ROM | Expandable Upto 1 TB16.76 cm (6.6 inch) HD+ Display8MP + AI Lens | 5MP Front Camera5000 mAh BatterySpreadtrum 
SC9863A1 Processor1 Year on Handset and 6 Months on Accessories",3.9
29,"OnePlus 9 Pro 5G (Stellar Black, 128 GB)","₹6,199",4 GB RAM | 64 GB ROM | Expandable Upto 1 TB16.51 cm (6.5 inch) HD+ Display13MP Rear Camera | 5MP Front Camera5000 mAh BatteryUnisoc T606 Processor1 Year on Handset and 6 Months on Accessories,4.2
30,"realme GT 2 Pro (Paper White, 128 GB)","₹7,299",4 GB RAM | 64 GB ROM | Expandable Upto 1 TB16.56 cm (6.52 inch) HD+ Display8MP Dual Rear Camera | 5MP Front Camera5000 mAh BatteryHelio G36 Processor1 Year Manufacturer Warranty for Phone and 6 Months Warranty for in the Box Accessories,4.2
31,"OnePlus 10T 5G (Jade Green, 128 GB)","₹6,999",8 GB RAM | 128 GB ROM16.51 cm (6.5 inch) Full HD+ Display50MP + 8MP + 2MP | 16MP Front Camera5000 mAh Lithium Polymer BatteryQualcomm Snapdragon 680 Processor1 Year on Handset and 6 Months on Accessories,4.3
32,"APPLE iPhone 8 Plus (Gold, 64 GB)","₹11,999",4 GB RAM | 64 GB ROM | Expandable Upto 2 TB16.76 cm (6.6 inch) HD+ Display13MP + AI Lens | 5MP Front Camera6000 mAh BatteryUnisoc Spreadtrum SC9863A1 Processor1 Year on Handset and 6 Months on Accessories,4.6
33,"APPLE iPhone 8 Plus (Space Grey, 64 GB)","₹7,299",4 GB RAM | 64 GB ROM | Expandable Upto 2 TB16.76 cm (6.6 inch) HD+ Display13MP + AI Lens | 5MP Front Camera6000 mAh BatteryUnisoc Spreadtrum SC9863A1 Processor1 Year on Handset and 6 Months on Accessories,4.6
34,"OnePlus 9 Pro 5G (Morning Mist, 256 GB)","₹7,299",4 GB RAM | 64 GB ROM | Expandable Upto 2 TB16.76 cm (6.6 inch) HD+ Display13MP + AI Lens | 5MP Front Camera6000 mAh BatteryUnisoc Spreadtrum SC9863A1 Processor1 Year on Handset and 6 Months on Accessories,3.9
35,"realme GT 2 Pro (Paper Green, 128 GB)","₹7,299",4 GB RAM | 128 GB ROM | Expandable Upto 1 TB16.51 cm (6.5 inch) HD+ Display50MP + 2MP + 2MP | 8MP Front Camera5000 mAh BatteryHelio G85 Processor1 Year on Handset and 6 Months on Accessories,4.2
36,"IQOO 9T 5G (LEGEND, 128 GB)","₹9,999","3 GB RAM | 32 GB ROM | Expandable Upto 512 GB16.56 cm (6.52 inch) HD+ Display8MP Dual Camera | 5MP Front Camera5000 mAh Lithium Polymer BatteryMediatek Helio A22 Processor, Upto 2.0 GHz Processor1 Year Manufacturer Warranty for Phone and 6 Months Warranty for In the Box Accessories",4.1
37,"OnePlus 10T 5G (Jade Green, 128 GB)","₹6,199",6 GB RAM | 128 GB ROM | Expandable Upto 512 GB16.71 cm (6.58 inch) Full HD+ Display50MP + 2MP + 2MP | 8MP Front Camera5000 mAh BatteryHelio G99 Processor1 Year Manufacturer Warranty for Phone and 6 Months Warranty for In the Box Accessories,4.3
38,"OnePlus 9 Pro 5G (Morning Mist, 128 GB)","₹10,999",3 GB RAM | 32 GB ROM | Expandable Upto 512 GB16.56 cm (6.52 inch) HD+ Display8MP Rear Camera | 5MP Front Camera5000 mAh Lithium Polymer BatteryMediatek Helio A22 Processor1 Year Manufacturer Warranty for Phone and 6 Months Warranty for in the Box Accessories,4.2
39,"IQOO 9 Pro 5G (Dark Cruise, 256 GB)","₹6,599",8 GB RAM | 128 GB ROM | Expandable Upto 1 TB16.76 cm (6.6 inch) HD+ Display50MP + AI Lens | 5MP Front Camera5000 mAh BatteryG37 Processor1 Year on Handset and 6 Months on Accessories,3.8
40,"realme GT 2 Pro (Steel Black, 128 GB)","₹8,999",4 GB RAM | 64 GB ROM | Expandable Upto 1 TB16.76 cm (6.6 inch) HD+ Display50MP + AI Lens | 5MP Front Camera5000 mAh BatteryG37 Processor1 Year on Handset and 6 Months on Accessories,4.2
41,"OnePlus 9 Pro 5G (Morning Mist, 128 GB)","₹7,999",4 GB RAM | 64 GB ROM | Expandable Upto 1 TB16.76 cm (6.6 inch) HD+ Display50MP + AI Lens | 5MP Front Camera5000 mAh BatteryG37 Processor1 Year on Handset and 6 Months on Accessories,4.2
42,"IQOO 9 Pro 5G (Legend, 256 GB)","₹7,999",4 GB RAM | 64 GB ROM | Expandable Upto 1 TB16.76 cm (6.6 inch) HD+ Display50MP + AI Lens | 5MP Front Camera5000 mAh BatteryG37 Processor1 Year on Handset and 6 Months on Accessories,3.8
43,"OPPO Reno8 Pro 5G (Glazed Green, 256 GB)","₹7,999",8 GB RAM | 128 GB ROM | Expandable Upto 1 TB16.76 cm (6.6 inch) HD+ Display50MP + AI Lens | 5MP Front Camera5000 mAh BatteryG37 Processor1 Year on Handset and 6 Months on Accessories,4.4
44,"SAMSUNG Galaxy S22 5G (Green, 128 GB)","₹8,999",4 GB RAM | 64 GB ROM | Expandable Upto 1 TB16.76 cm (6.6 inch) HD+ Display50MP + AI Lens | 5MP Front Camera5000 mAh BatteryG37 Processor1 Year on Handset and 6 Months on Accessories,4.3
45,"OnePlus 9 Pro 5G (Pine Green, 256 GB)","₹7,999",8 GB RAM | 128 GB ROM | Expandable Upto 1 TB16.76 cm (6.6 inch) HD+ Display50MP + AI Lens | 5MP Front Camera5000 mAh BatteryG37 Processor1 Year on Handset and 6 Months on Accessories,3.9
46,"APPLE iPhone 8 Plus (Silver, 64 GB)","₹8,999",8 GB RAM | 128 GB ROM | Expandable Upto 1 TB16.76 cm (6.6 inch) HD+ Display50MP + AI Lens | 5MP Front Camera5000 mAh BatteryG37 Processor1 Year on Handset and 6 Months on Accessories,4.6
47,"SAMSUNG Galaxy S22 5G (Green, 128 GB)","₹8,999",4 GB RAM | 64 GB ROM | Expandable Upto 1 TB16.56 cm (6.52 inch) HD+ Display8MP Dual Rear Camera | 5MP Front Camera5000 mAh BatteryHelio G36 Processor1 Year Manufacturer Warranty for Phone and 6 Months Warranty for in the Box Accessories,4.3
48,"realme X50 Pro 5G (Rust Red, 256 GB)","₹6,999",128 GB ROM15.49 cm (6.1 inch) Liquid Retina HD Display12MP + 12MP | 12MP Front CameraA13 Bionic Chip ProcessorBrand Warranty of 1 Year,4.3
49,"OnePlus 10 Pro 5G (Emerald Forest, 128 GB)","₹46,999",12 GB RAM | 256 GB ROM17.02 cm (6.7 inch) Display50MP Rear Camera4800 mAh Battery1 year manufacturer warranty for device and 6 months manufacturer warranty for in-box accessories including batteries from the date of purchase,4.2
50,"OPPO Reno8 Pro 5G - House of The Dragon (House of The Dragon, 256 GB)","₹48,990",12 GB RAM | 256 GB ROM16.36 cm (6.44 inch) Full HD+ Display64MP + 12MP + 8MP + 2MP | 32MP + 8MP Dual Front Camera4200 mAh Battery5G PhoneQualcomm Snapdragon 865 Processor65W Superdart ChargeBrand Warranty of 1 Year Available for Mobile and 6 Months for Accessories,4.2
51,"OnePlus 11R 5G (Sonic Black, 256 GB)","₹47,999",8 GB RAM | 128 GB ROM17.02 cm (6.7 inch) Display48MP Rear Camera5000 mAh Battery1 Year Manufacturer Warranty for Handset and 6 Months Warranty for In the Box Accessories,4.5
52,"OnePlus 11R 5G (Galactic Silver, 128 GB)","₹49,999",12 GB RAM | 256 GB ROM17.02 cm (6.7 inch) Display48MP Rear Camera4500 mAh Battery1 Year Warranty,4.5
53,"Google Pixel 7a (Charcoal, 128 GB)","₹47,999",8 GB RAM | 128 GB ROM17.02 cm (6.7 inch) Display48MP Rear Camera4500 mAh Battery1 Year Warranty,4
54,"OnePlus 10R (Forest Green, 256 GB)","₹42,999",8 GB RAM | 128 GB ROM17.02 cm (6.7 inch) Quad HD Display50MP + 50MP + 2MP | 32MP Front Camera5000 mAh Lithium Ion BatteryQualcomm Snapdragon 8 Gen 1 Mobile Platform Processor1 Year Manufacturer Warranty for Phone and 6 Months Warranty for In-Box Accessories,4.1
55,"APPLE iPhone 11 (White, 64 GB)","₹49,999","8 GB RAM | 128 GB ROM17.02 cm (6.7 inch) Display50MP Rear Camera4800 mAh Battery1 year on phone, 6 months on accessories",4.6
56,"Google Pixel 7a (Sea, 128 GB)","₹44,999","64 GB ROM13.97 cm (5.5 inch) Retina HD Display12MP + 12MP | 7MP Front CameraA11 Bionic Chip with 64-bit Architecture, Neural Engine, Embedded M11 Motion Coprocessor ProcessorBrand Warranty of 1 Year",4
57,"APPLE iPhone 11 (White, 128 GB)","₹49,900","64 GB ROM13.97 cm (5.5 inch) Retina HD Display12MP + 12MP | 7MP Front CameraA11 Bionic Chip with 64-bit Architecture, Neural Engine, Embedded M11 Motion Coprocessor ProcessorBrand Warranty of 1 Year",4.6
58,"Google Pixel 7a (Snow, 128 GB)","₹49,900",12 GB RAM | 256 GB ROM17.02 cm (6.7 inch) Display48MP Rear Camera4500 mAh Battery1 Year,4
59,"APPLE iPhone 11 (Black, 128 GB)","₹49,990",8 GB RAM | 128 GB ROM17.02 cm (6.7 inch) Quad HD Display50MP + 50MP + 2MP | 32MP Front Camera5000 mAh Lithium Ion BatteryQualcomm Snapdragon 8 Gen 1 Mobile Platform Processor1 Year Manufacturer Warranty for Phone and 6 Months Warranty for In-Box Accessories,4.6
60,"SAMSUNG Galaxy S21 FE 5G (White, 128 GB)","₹49,999",8 GB RAM | 128 GB ROM17.22 cm (6.78 inch) Display50MP Rear Camera4700 mAh Battery1 Year,4.3
61,"vivo V27 Pro 5G (Magic Blue, 256 GB)","₹49,499","8 GB RAM | 128 GB ROM17.02 cm (6.7 inch) Display50MP Rear Camera4800 mAh Battery1 year on phone, 6 months on accessories",4.5
62,"APPLE iPhone 11 (Black, 64 GB)","₹49,800",8 GB RAM | 128 GB ROM17.02 cm (6.7 inch) Display48MP Rear Camera4500 mAh Battery1 Year,4.6
63,"OnePlus 10R 5G (Sierra Black, 256 GB)","₹44,990",8 GB RAM | 256 GB ROM17.22 cm (6.78 inch) Full HD+ Display50MP + 50MP + 50MP + 16MP | 16MP Front Camera4700 mAh BatterySnapdragon® 8 Gen 1 Mobile Processor Processor1 year manufacturer warranty,4.2
64,"Xiaomi 12 Pro 5G (Opera Mauve, 256 GB)","₹48,890",8 GB RAM | 128 GB ROM17.02 cm (6.7 inch) Quad HD Display50MP + 50MP + 2MP | 32MP Front Camera5000 mAh Lithium Ion BatteryQualcomm Snapdragon 8 Gen 1 Mobile Platform Processor1 Year Manufacturer Warranty for Phone and 6 Months Warranty for In-Box Accessories,4.1
65,"Xiaomi 12 Pro 5G (Noir Black, 256 GB)","₹49,999",8 GB RAM | 128 GB ROM17.02 cm (6.7 inch) Display48MP Rear Camera4500 mAh Battery1 Year Manufacturer Warranty for Handset and 6 Months Warranty for In the Box Accessories,4.1
66,"OnePlus 10R 5G (Forest Green, 256 GB)","₹43,990",8 GB RAM | 256 GB ROM17.22 cm (6.78 inch) Full HD+ Display50MP + 50MP + 16MP | 16MP Front Camera4700 mAh BatterySnapdragon® 8 Gen 1 Mobile Processor Processor1 year manufacturer warranty,4.2
67,"Xiaomi 12 Pro 5G (Noir Black, 256 GB)","₹46,540",12 GB RAM | 256 GB ROM17.02 cm (6.7 inch) Full HD+ AMOLED Display50MP + 8MP + 2MP | 32MP Front Camera4500 mAh Lithium-ion Polymer BatteryMediatek Dimensity 8100 Max Processor1 Year Warranty for Phone and 6 Months Warranty for In-Box Accessories,4.1
68,"Xiaomi 12 Pro 5G (Opera Mauve, 256 GB)","₹45,999",8 GB RAM | 128 GB ROM15.49 cm (6.1 inch) Display50MP Rear Camera3700 mAh Battery1 Year Warranty,4.1
69,"Xiaomi 12 Pro 5G (Couture Blue, 256 GB)","₹49,490",12 GB RAM | 256 GB ROM17.02 cm (6.7 inch) Display48MP Rear Camera4500 mAh Battery1 Year Manufacturer Warranty for Handset and 6 Months Warranty for In the Box Accessories,4.1
70,"Xiaomi 12 Pro 5G (Couture Blue, 256 GB)","₹47,999","64 GB ROM13.97 cm (5.5 inch) Retina HD Display12MP + 12MP | 7MP Front CameraA11 Bionic Chip with 64-bit Architecture, Neural Engine, Embedded M11 Motion Coprocessor ProcessorBrand Warranty of 1 Year",4.1
71,"SAMSUNG Galaxy S21 FE 5G (Olive Green, 128 GB)","₹49,900",8 GB RAM | 128 GB ROM15.49 cm (6.1 inch) Full HD+ Display50MP + 12MP + 10MP | 10MP Front Camera3700 mAh Lithium-ion BatteryOcta Core Processor1 Year Manufacturer Warranty for Device and 6 Months Manufacturer Warranty for In-Box Accessories,4.3
72,"SAMSUNG Galaxy A73 5G (Awesome Gray, 256 GB)","₹49,490",12 GB RAM | 256 GB ROM16.36 cm (6.44 inch) Full HD+ Display64MP + 12MP + 8MP + 2MP | 32MP + 8MP Dual Front Camera4200 mAh Battery5G PhoneQualcomm Snapdragon 865 Processor65W Superdart ChargeBrand Warranty of 1 Year Available for Mobile and 6 Months for Accessories,4.2
73,"vivo X70 Pro (Aurora Dawn, 128 GB)","₹47,999",8 GB RAM | 128 GB ROM17.02 cm (6.7 inch) Display48MP Rear Camera5000 mAh Battery1 year manufacturer warranty for device and 6 months manufacturer warranty for in-box accessories including batteries from the date of purchase,4.5
74,"SAMSUNG Galaxy A73 5G (Awesome White, 128 GB)","₹49,999",12 GB RAM | 256 GB ROM17.02 cm (6.7 inch) Full HD+ AMOLED Display50MP + 8MP + 2MP | 32MP Front Camera4500 mAh Lithium-ion Polymer BatteryMediatek Dimensity 8100 Max Processor1 Year Warranty for Phone and 6 Months Warranty for In-Box Accessories,4.2
75,"APPLE iPhone 11 (Green, 64 GB)","₹45,999",16 GB RAM | 256 GB ROM17.02 cm (6.7 inch) Display50MP Rear Camera5000 mAh BatteryDomestic warranty of 12 months on phone & 6 months on accessries,4.6
76,"APPLE iPhone 11 (Purple, 64 GB)","₹43,623",8 GB RAM | 128 GB ROM17.02 cm (6.7 inch) Display50MP Rear Camera5000 mAh BatteryDomestic warranty of 12 months on phone & 6 months on accessories,4.6
77,"OnePlus 10R 5G (Sierra Black, 256 GB)","₹38,685",8 GB RAM | 128 GB ROM15.49 cm (6.1 inch) Full HD+ Display64MP (OIS) + 13MP | 13MP Front Camera4300 mAh BatteryTensor G2 Processor1 Year Domestic Warranty,4.2
78,Marvel Disney Pro,"₹43,999",12 GB RAM | 256 GB ROM17.02 cm (6.7 inch) Display50MP Rear Camera5000 mAh Battery1 Year Manufacturer Warranty for Handset and 6 Months Warranty for In the Box Accessories,4.4
79,Marvel Disney Pro,"₹34,950",64 GB ROM15.49 cm (6.1 inch) Liquid Retina HD Display12MP + 12MP | 12MP Front CameraA13 Bionic Chip ProcessorBrand Warranty of 1 Year,4.4
80,"realme X50 Pro (Moss Green, 128 GB)","₹40,999",8 GB RAM | 128 GB ROM15.49 cm (6.1 inch) Full HD+ Display64MP (OIS) + 13MP | 13MP Front Camera4300 mAh BatteryTensor G2 Processor1 Year Domestic Warranty,4.1
81,"realme X50 Pro (Rust Red, 128 GB)","₹43,999",128 GB ROM15.49 cm (6.1 inch) Liquid Retina HD Display12MP + 12MP | 12MP Front CameraA13 Bionic Chip ProcessorBrand Warranty of 1 Year,4.4
82,"IQOO 9T 5G (LEGEND, 128 GB)","₹44,999",8 GB RAM | 128 GB ROM15.49 cm (6.1 inch) Full HD+ Display64MP (OIS) + 13MP | 13MP Front Camera4300 mAh BatteryTensor G2 Processor1 Year Domestic Warranty,4.7
83,"OPPO Reno6 Pro 5G (Majestic Gold, 256 GB)","₹43,999",128 GB ROM15.49 cm (6.1 inch) Liquid Retina HD Display12MP + 12MP | 12MP Front CameraA13 Bionic Chip ProcessorBrand Warranty of 1 Year,4.4
84,"OnePlus 8 Pro (Onyx Black, 256 GB)","₹44,999",8 GB RAM | 128 GB ROM16.26 cm (6.4 inch) Full HD+ Display12MP + 12MP + 8MP (OIS) | 32MP Front Camera4500 mAh Lithium-ion Battery1 Year Manufacturer Warranty for Device and 6 Months Manufacturer Warranty for In-Box Accessories,4.4
85,"SAMSUNG A52s (Awesome Violet, 128 GB)","₹39,999",12 GB RAM | 256 GB ROM17.22 cm (6.78 inch) Full HD+ Display50MP (OIS) + 8MP + 2MP | 50MP Front Camera4600 mAh BatteryMediatek Dimensity 8200 Processor1 Year Manufacturer Warranty for Phone and 6 Months Warranty for In the Box Accessories,4.2
86,"SAMSUNG A52s (Black, 128 GB)","₹42,999",64 GB ROM15.49 cm (6.1 inch) Liquid Retina HD Display12MP + 12MP | 12MP Front CameraA13 Bionic Chip ProcessorBrand Warranty of 1 Year,4.5
87,"SAMSUNG Galaxy A73 5G (Awesome Mint, 128 GB)","₹40,999",12 GB RAM | 256 GB ROM17.02 cm (6.7 inch) Display50MP Rear Camera4500 mAh Battery1 Year Manufacturer Warranty for Handset and 6 Months Warranty for In the Box Accessories,4.3
88,"OnePlus 11R 5G (Sonic Black, 256 GB)","₹34,957",8 GB RAM | 256 GB ROM17.09 cm (6.73 inch) Full HD+ Display50MP + 50MP + 50MP | 32MP Front Camera4600 mAh Lithium Polymer BatterySnapdragon 8 Gen 1 Processor1 Year Manufacturer Warranty for Phone and 6 Months Warranty for In the Box Accessories,4
89,"OnePlus 9RT 5G (Hacker Black, 128 GB)","₹41,999",8 GB RAM | 256 GB ROM17.09 cm (6.73 inch) Full HD+ Display50MP + 50MP + 50MP | 32MP Front Camera4600 mAh Lithium Polymer BatterySnapdragon 8 Gen 1 Processor1 Year Manufacturer Warranty for Phone and 6 Months Warranty for In the Box Accessories,4.2
90,"OnePlus 9 5G (Arctic Sky, 256 GB)","₹41,999",12 GB RAM | 256 GB ROM17.02 cm (6.7 inch) Display50MP Rear Camera5000 mAh Battery12 months,3.9
91,"OnePlus 9 Pro 5G (Stellar Black, 128 GB)","₹35,600",12 GB RAM | 256 GB ROM17.09 cm (6.73 inch) Full HD+ Display50MP + 50MP + 50MP | 32MP Front Camera4600 mAh Lithium Polymer BatterySnapdragon 8 Gen 1 Processor1 Year Manufacturer Warranty for Phone and 6 Months Warranty for In the Box Accessories,4.6
92,"OnePlus 9 Pro (Pine Green, 128 GB)","₹44,999",12 GB RAM | 256 GB ROM17.09 cm (6.73 inch) Full HD+ Display50MP + 50MP + 50MP | 32MP Front Camera4600 mAh Lithium Polymer BatterySnapdragon 8 Gen 1 Processor1 Year Manufacturer Warranty for Phone and 6 Months Warranty for In the Box Accessories,4.5
93,"ASUS ROG Phone II (Black, 128 GB)","₹44,999",8 GB RAM | 256 GB ROM17.09 cm (6.73 inch) Full HD+ Display50MP + 50MP + 50MP | 32MP Front Camera4600 mAh Lithium Polymer BatterySnapdragon 8 Gen 1 Processor1 Year Manufacturer Warranty for Phone and 6 Months Warranty for In the Box Accessories,4.3
94,"OnePlus 11R 5G (Sonic Black, 128 GB)","₹41,999",12 GB RAM | 256 GB ROM17.09 cm (6.73 inch) Full HD+ Display50MP + 50MP + 50MP | 32MP Front Camera4600 mAh Lithium Polymer BatterySnapdragon 8 Gen 1 Processor1 Year Manufacturer Warranty for Phone and 6 Months Warranty for In the Box Accessories,4.2
95,"OnePlus 10R (Forest Green, 128 GB)","₹44,999",8 GB RAM | 128 GB ROM16.26 cm (6.4 inch) Full HD+ Display12MP + 12MP + 8MP (OIS) | 32MP Front Camera4500 mAh Lithium-ion Battery1 Year Manufacturer Warranty for Device and 6 Months Manufacturer Warranty for In-Box Accessories,4.4
96,"REDMI K50i 5G (Stealth Black, 256 GB)","₹39,999",8 GB RAM | 256 GB ROM | Expandable Upto 1 TB17.02 cm (6.7 inch) Full HD+ Display108MP + 12MP + 5MP + 5MP | 32MP Front Camera5000 mAh Li-ion BatteryQualcomm Snapdragon 778G Processor1 Year Manufacturer Warranty for Device and 6 Months Manufacturer Warranty for In-Box,4.3
97,"vivo V27 5G (Magic Blue, 128 GB)","₹43,490",8 GB RAM | 128 GB ROM16.66 cm (6.56 inch) Full HD+ Display50MP + 12MP + 12MP + 8MP | 32MP Front Camera4450 mAh BatteryMediaTek Dimensity 1200 Processor1 Year for Handset and 6 Months for In-box Accessories,4.2
98,"OnePlus 10R (Sierra Black, 128 GB)","₹42,990",8 GB RAM | 128 GB ROM | Expandable Upto 1 TB17.02 cm (6.7 inch) Full HD+ Display108MP + 12MP + 5MP + 5MP | 32MP Front Camera5000 mAh Li-ion BatteryQualcomm Snapdragon 778G Processor1 Year Manufacturer Warranty for Device and 6 Months Manufacturer Warranty for In-Box,4.2
99,"REDMI Note 12 Pro+ 5G (Iceberg Blue, 256 GB)","₹41,999",64 GB ROM15.49 cm (6.1 inch) Liquid Retina HD Display12MP + 12MP | 12MP Front CameraA13 Bionic Chip ProcessorBrand Warranty of 1 Year,4.2
100,"REDMI Note 12 Pro+ 5G (Obsidian Black, 256 GB)","₹41,999",64 GB ROM15.49 cm (6.1 inch) Liquid Retina HD Display12MP + 12MP | 12MP Front CameraA13 Bionic Chip ProcessorBrand Warranty of 1 Year,4.2
101,"SAMSUNG Galaxy A34 5G (Awesome Violet, 128 GB)","₹41,999",12 GB RAM | 256 GB ROM17.02 cm (6.7 inch) Display50MP Rear Camera5000 mAh Battery1 Year Manufacturer Warranty for Handset and 6 Months Warranty for In the Box Accessories,4.2
102,"SAMSUNG Galaxy A34 5G (Awesome Lime, 256 GB)","₹36,990",12 GB RAM | 256 GB ROM17.02 cm (6.7 inch) Full HD+ Display50MP + 32MP + 8MP | 32MP Front Camera4600 mAh BatterySnapdragon 778G 5G Processor1 Year Manufacturer Warranty for Phone and 6 Months Warranty for In the Box Accessories,4.3
103,"REDMI Note 12 Pro+ 5G (Arctic White, 256 GB)","₹44,999",12 GB RAM | 256 GB ROM17.02 cm (6.7 inch) Full HD+ Display50MP + 32MP + 8MP | 32MP Front Camera4600 mAh BatterySnapdragon 778G 5G Processor1 Year Manufacturer Warranty for Phone and 6 Months Warranty for In the Box Accessories,4.2
104,"OPPO Reno8T 5G (Midnight Black, 128 GB)","₹44,999",8 GB RAM | 128 GB ROM16.36 cm (6.44 inch) Full HD+ Display64MP + 12MP + 8MP + 2MP | 32MP + 8MP Dual Front Camera4200 mAh Battery5G PhoneQualcomm Snapdragon 865 Processor65W Superdart ChargeBrand Warranty of 1 Year Available for Mobile and 6 Months for Accessories,4.5
105,"SAMSUNG Galaxy A34 5G (Awesome Graphite, 256 GB)","₹41,999",8 GB RAM | 128 GB ROM16.36 cm (6.44 inch) Full HD+ Display64MP + 12MP + 8MP + 2MP | 32MP + 8MP Dual Front Camera4200 mAh Battery5G PhoneQualcomm Snapdragon 865 Processor65W Superdart ChargeBrand Warranty of 1 Year Available for Mobile and 6 Months for Accessories,4.2
106,"OnePlus 11R 5G (Sonic Black, 128 GB)","₹41,999",8 GB RAM | 128 GB ROM17.22 cm (6.78 inch) Display50MP Rear Camera4700 mAh Battery1 Year,4.3
107,"SAMSUNG Galaxy A34 5G (Awesome Silver, 128 GB)","₹44,990",12 GB RAM | 256 GB ROM16.64 cm (6.55 inch) Full HD+ Display64MP + 8MP + 2MP + 2MP | 32MP Front Camera4500 mAh Lithium-ion Polymer BatteryMediaTek Dimensity 1200 Processor65W SuperVOOC 2.0 Charging3D Borderless ScreenBokeh Flare Portrait Video | AI Highlight Video | OPPO Reno Glow 2.0Brand Warranty of 1 Year Available for Mobile Including Battery and 6 Months for Accessories,4.4
108,"vivo V25 Pro 5G (Pure Black, 128 GB)","₹41,990",12 GB RAM | 256 GB ROM17.22 cm (6.78 inch) Full HD+ Display48MP + 8MP + 5MP | 16MP Front Camera4510 mAh BatteryQualcomm Snapdragon 865 Processor1 year manufacturer warranty for device and 6 months manufacturer warranty for in-box accessories,4.4
109,"vivo V25 Pro 5G (Pure Black, 256 GB)","₹43,990",8 GB RAM | 128 GB ROM16.51 cm (6.5 inch) Display64MP Rear Camera4500 mAh Battery1 year on phone & 6 months on accessories,4.1
110,"vivo X60 (Midnight Black, 256 GB)","₹40,999",8 GB RAM | 128 GB ROM16.51 cm (6.5 inch) Display64MP Rear Camera4500 mAh Battery1 year on phone & 6 months on accessories,4.1
111,"OnePlus 9RT 5G (Nano Silver, 256 GB)","₹40,999",8 GB RAM | 128 GB ROM | Expandable Upto 1 TB17.02 cm (6.7 inch) Full HD+ Display108MP + 12MP + 5MP + 5MP | 32MP Front Camera5000 mAh Li-ion BatteryQualcomm Snapdragon 778G Processor1 Year Manufacturer Warranty for Device and 6 Months Manufacturer Warranty for In-Box,4.3
112,"OnePlus 9RT 5G (Hacker Black, 256 GB)","₹41,999",16 GB RAM | 256 GB ROM17.02 cm (6.7 inch) Display50MP Rear Camera5000 mAh BatteryDomestic Warranty of 12 Months on Phone & 6 Months on Accessories,3.9
113,"OnePlus 9RT 5G (Hacker Black, 256 GB)","₹43,990",8 GB RAM | 128 GB ROM16.81 cm (6.62 inch) Display50MP Rear Camera4500 mAh Battery12 months,4.2
114,"OnePlus 9 5G (Astral Black, 128 GB)","₹39,999",12 GB RAM | 256 GB ROM16.64 cm (6.55 inch) Display48MP Rear Camera4500 mAh Battery12 months,4.4
115,"SAMSUNG Galaxy A73 5G (Awesome Mint, 256 GB)","₹39,999",8 GB RAM | 128 GB ROM17.02 cm (6.7 inch) Display48MP Rear Camera4500 mAh Battery1 Year Manufacturer Warranty for Handset and 6 Months Warranty for In the Box Accessories,4.6
116,"vivo V27 5G (Noble Black, 256 GB)","₹44,990",8 GB RAM | 128 GB ROM17.02 cm (6.7 inch) Display48MP Rear Camera4500 mAh Battery1 Year,4.3
117,"APPLE iPhone 11 (Red, 64 GB)","₹44,990",8 GB RAM | 128 GB ROM16.74 cm (6.59 inch) Full HD+ Display48MP + 13MP | 24MP Front Camera6000 mAh BatteryQualcomm Snapdragon 855 Plus ProcessorBrand Warranty of 1 Year Available for Mobile and 6 Months for Accessories,3.9
118,"OnePlus 9RT 5G (Hacker Black, 128 GB)","₹40,999",8 GB RAM | 128 GB ROM17.02 cm (6.7 inch) Display50MP Rear Camera5000 mAh BatteryDomestic warranty of 12 months on phone & 6 months on accessories,4.3
119,"OnePlus 9 5G (Winter Mist, 128 GB)","₹38,965",8 GB RAM | 128 GB ROM17.02 cm (6.7 inch) Display50MP Rear Camera5000 mAh Battery1 Year Manufacturer Warranty for Handset and 6 Months Warranty for In the Box Accessories,4.5
120,"OPPO Reno8T 5G (Midnight Black, 128 GB)","₹29,980",8 GB RAM | 256 GB ROM16.76 cm (6.6 inch) Full HD+ Display64MP + 8MP + 2MP | 16MP Front Camera5080 mAh BatteryDimensity 8100 Processor1 Year Manufacturer Warranty for Phone and 6 Months Warranty for In the Box Accessories,4.2
121,"OnePlus 11R 5G (Sonic Black, 128 GB)","₹23,999",8 GB RAM | 128 GB ROM17.22 cm (6.78 Inch) Full HD+ AMOLED Display50MP (OIS) + 8MP + 2MP | 50MP Front Camera4600 mAh BatteryMediatek Dimensity 7200 5G Processor1 Year Brand Warranty,4.3
122,"SAMSUNG Galaxy A34 5G (Awesome Silver, 128 GB)","₹32,999",8 GB RAM | 128 GB ROM17.02 cm (6.7 inch) Display50MP Rear Camera5000 mAh Battery1 Year Manufacturer Warranty for Handset and 6 Months Warranty for In the Box Accessories,4.4
123,"vivo V25 Pro 5G (Pure Black, 128 GB)","₹29,965",12 GB RAM | 256 GB ROM16.94 cm (6.67 inch) Full HD+ AMOLED Display200MP + 8MP + 2MP | 16MP Front Camera4980 mAh Lithium Polymer BatteryMediatek Dimensity 1080 Processor1 Year Manufacturer Warranty for Phone and 6 Months Warranty for In the Box Accessories,4.3
124,"vivo V25 Pro 5G (Pure Black, 256 GB)","₹32,999",12 GB RAM | 256 GB ROM16.94 cm (6.67 inch) Full HD+ AMOLED Display200MP + 8MP + 2MP | 16MP Front Camera4980 mAh Lithium Polymer BatteryMediatek Dimensity 1080 Processor1 Year Manufacturer Warranty for Phone and 6 Months Warranty for In the Box Accessories,4.3
125,"vivo V25 Pro 5G (Sailing Blue, 128 GB)","₹32,999","8 GB RAM | 128 GB ROM | Expandable Upto 1 TB16.76 cm (6.6 inch) Full HD+ Display48MP + 8MP + 5MP | 13MP Front Camera5000 mAh Li-ion Battery BatteryDimensity 1080, Octa Core Processor1 year manufacturer warranty for device and 6 months manufacturer warranty for in-box accessories",4.3
126,"SAMSUNG Galaxy S21 FE 5G (Lavender, 128 GB)","₹30,999","8 GB RAM | 256 GB ROM | Expandable Upto 1 TB16.76 cm (6.6 inch) Full HD+ Display48MP + 8MP + 5MP | 13MP Front Camera5000 mAh Li-ion Battery BatteryDimensity 1080, Octa Core Processor1 year manufacturer warranty for device and 6 months manufacturer warranty for in-box accessories",4.4
127,"SAMSUNG Galaxy S21 FE 5G (Graphite, 128 GB)","₹32,999",12 GB RAM | 256 GB ROM16.94 cm (6.67 inch) Full HD+ AMOLED Display200MP + 8MP + 2MP | 16MP Front Camera4980 mAh Lithium Polymer BatteryMediatek Dimensity 1080 Processor1 Year Manufacturer Warranty for Phone and 6 Months Warranty for In the Box Accessories,4.2
128,"vivo V25 Pro 5G (Sailing Blue, 256 GB)","₹32,999",8 GB RAM | 128 GB ROM | Expandable Upto 1 TB17.02 cm (6.7 inch) Full HD+ Display108MP + 2MP + 2MP | 32MP Front Camera4800 mAh Lithium-ion Polymer BatteryQualcomm Snapdragon 695 Processor67W SUPERVOOC TM Charger I Dual Stereo Speakers120Hz 3D Curved AMOLED Screen1 Year on Handset and 6 Months on Accessories,4.4
129,"SAMSUNG Galaxy A34 5G (Awesome Graphite, 128 GB)","₹29,999","8 GB RAM | 256 GB ROM | Expandable Upto 1 TB16.76 cm (6.6 inch) Full HD+ Display48MP + 8MP + 5MP | 13MP Front Camera5000 mAh Li-ion Battery BatteryDimensity 1080, Octa Core Processor1 year manufacturer warranty for device and 6 months manufacturer warranty for in-box accessories",4.4
130,"vivo V27 5G (Magic Blue, 256 GB)","₹32,999",8 GB RAM | 128 GB ROM17.02 cm (6.7 inch) Display50MP Rear Camera5000 mAh BatteryDomestic warranty of 12 months on phone & 6 months on accessories,4.2
131,"vivo V27 Pro 5G (Noble Black, 256 GB)","₹39,570","8 GB RAM | 128 GB ROM | Expandable Upto 1 TB16.76 cm (6.6 inch) Full HD+ Display48MP + 8MP + 5MP | 13MP Front Camera5000 mAh Li-ion Battery BatteryDimensity 1080, Octa Core Processor1 year manufacturer warranty for device and 6 months manufacturer warranty for in-box accessories",4.3
132,"OnePlus 10R 5G (Sierra Black, 256 GB)","₹30,999",8 GB RAM | 128 GB ROM16.66 cm (6.56 inch) Full HD+ Display64MP + 8MP + 2MP | 32MP Front Camera4830 mAh Lithium BatteryMediatek Dimensity 1300 ProcessorColor Changing Fluorite AG Glass Design120 Hz 3D Curve Display1 Year on Handset and 6 Months on Accessories,4.4
133,"MOTOROLA Edge 30 Fusion (Viva Magenta, 128 GB)","₹35,999",12 GB RAM | 256 GB ROM16.66 cm (6.56 inch) Full HD+ Display64MP + 8MP + 2MP | 32MP Front Camera4830 mAh Lithium BatteryMediatek Dimensity 1300 ProcessorColor Changing Fluorite AG Glass Design120 Hz 3D Curve Display1 Year on Handset and 6 Months on Accessories,4.4
134,"vivo V27 Pro 5G (Magic Blue, 128 GB)","₹29,999",12 GB RAM | 256 GB ROM16.66 cm (6.56 inch) Full HD+ Display48MP + 13MP + 13MP | 32MP Front Camera4300 mAh Lithium-ion BatteryQualcomm Snapdragon 870 ProcessorAMOLED Display1 Year for Handset and 6 Months for In-box Accessories,4.2
135,"vivo V27 Pro 5G (Noble Black, 128 GB)","₹46,990",12 GB RAM | 256 GB ROM16.81 cm (6.62 inch) Display50MP Rear Camera4500 mAh Battery1 Year,4.2
136,"SAMSUNG Galaxy A34 5G (Awesome Lime, 128 GB)","₹46,999",12 GB RAM | 256 GB ROM16.81 cm (6.62 inch) Display50MP Rear Camera4500 mAh Battery12 months,4.1
137,"Mi 10T (Cosmic Black, 128 GB)","₹48,999",8 GB RAM | 256 GB ROM16.81 cm (6.62 inch) Display50MP Rear Camera4500 mAh Battery12 months,4
138,"Mi 10T (Cosmic Black, 128 GB)","₹49,999",8 GB RAM | 128 GB ROM16.64 cm (6.55 inch) Display48MP Rear Camera4500 mAh Battery12 months,4.1
139,"SAMSUNG Galaxy A53 (Awesome White, 128 GB)","₹49,999",8 GB RAM | 256 GB ROM | Expandable Upto 1 TB17.02 cm (6.7 inch) Full HD+ Display108MP + 12MP + 5MP + 5MP | 32MP Front Camera5000 mAh Li-ion BatteryQualcomm Snapdragon 778G Processor1 Year Manufacturer Warranty for Device and 6 Months Manufacturer Warranty for In-Box,4.4
140,"SAMSUNG Galaxy A53 (Awesome Peach, 256 GB)","₹44,999",12 GB RAM | 256 GB ROM17.22 cm (6.78 Inch) Full HD+ AMOLED Display50MP + 8MP + 2MP | 50MP Front Camera4600 mAh BatteryMediatek Dimensity 7200 5G Processor1 Year Brand Warranty,4.5
141,"IQOO Neo 7 (Frost Blue, 256 GB)","₹40,999",64 GB ROM15.49 cm (6.1 inch) Liquid Retina HD Display12MP + 12MP | 12MP Front CameraA13 Bionic Chip ProcessorBrand Warranty of 1 Year,4.3
142,"OnePlus 8 (Glacial Green, 256 GB)","₹41,999",8 GB RAM | 128 GB ROM16.81 cm (6.62 inch) Display50MP Rear Camera4500 mAh Battery12 months,4
143,"OnePlus Nord 2 5G (PAC-MAN, 256 GB)","₹42,999",8 GB RAM | 128 GB ROM16.64 cm (6.55 inch) Display48MP Rear Camera4500 mAh Battery1 Year,4.4
144,"SAMSUNG Galaxy S20 FE (Cloud Navy, 128 GB)","₹42,999",8 GB RAM | 128 GB ROM | Expandable Upto 1 TB17.02 cm (6.7 inch) Full HD+ Display108MP + 2MP + 2MP | 32MP Front Camera4800 mAh Lithium-ion Polymer BatteryQualcomm Snapdragon 695 Processor67W SUPERVOOC TM Charger I Dual Stereo Speakers120Hz 3D Curved AMOLED Screen1 Year on Handset and 6 Months on Accessories,4.4
145,"realme GT NEO 3 (150W) (Sprint White, 256 GB)","₹29,999",8 GB RAM | 128 GB ROM17.02 cm (6.7 inch) Display50MP Rear Camera5000 mAh BatteryDomestic warranty of 12 months on phone & 6 months on accessories,4.1
146,"realme GT NEO 3 (150W) (Nitro Blue, 256 GB)","₹39,570","8 GB RAM | 128 GB ROM | Expandable Upto 1 TB16.76 cm (6.6 inch) Full HD+ Display48MP + 8MP + 5MP | 13MP Front Camera5000 mAh Li-ion Battery BatteryDimensity 1080, Octa Core Processor1 year manufacturer warranty for device and 6 months manufacturer warranty for in-box accessories",4.4
147,"SAMSUNG Galaxy A53 (Awesome Blue, 256 GB)","₹30,999",8 GB RAM | 128 GB ROM16.66 cm (6.56 inch) Full HD+ Display64MP + 8MP + 2MP | 32MP Front Camera4830 mAh Lithium BatteryMediatek Dimensity 1300 ProcessorColor Changing Fluorite AG Glass Design120 Hz 3D Curve Display1 Year on Handset and 6 Months on Accessories,4.3
148,"vivo X60 (Shimmer Blue, 128 GB)","₹35,999",12 GB RAM | 256 GB ROM16.66 cm (6.56 inch) Full HD+ Display64MP + 8MP + 2MP | 32MP Front Camera4830 mAh Lithium BatteryMediatek Dimensity 1300 ProcessorColor Changing Fluorite AG Glass Design120 Hz 3D Curve Display1 Year on Handset and 6 Months on Accessories,4.4
149,"vivo V23 Pro 5G (Stardust Black, 128 GB)","₹29,999",8 GB RAM | 128 GB ROM16.66 cm (6.56 inch) Full HD+ Display64MP + 8MP + 2MP | 32MP Front Camera4830 mAh Lithium BatteryMediatek Dimensity 1300 ProcessorColor Changing Fluorite AG Glass Design120 Hz 3D Curve Display1 Year on Handset and 6 Months on Accessories,4
150,"realme GT NEO 3 (150W) (Asphalt Black, 256 GB)","₹35,999",8 GB RAM | 128 GB ROM16.26 cm (6.4 inch) Full HD+ Display12MP + 12MP + 8MP (OIS) | 32MP Front Camera4500 mAh Lithium-ion Battery1 Year Manufacturer Warranty for Device and 6 Months Manufacturer Warranty for In-Box Accessories,4.2
151,"Xiaomi 11T Pro 5G Hyperphone (Moonlight White, 128 GB)","₹39,999",8 GB RAM | 128 GB ROM16.26 cm (6.4 inch) Full HD+ Display12MP + 12MP + 8MP (OIS) | 32MP Front Camera4500 mAh Lithium-ion Battery1 Year Manufacturer Warranty for Device and 6 Months Manufacturer Warranty for In-Box Accessories,4.2
152,"SAMSUNG Galaxy A52s 5G (Awesome Black, 128 GB)","₹39,999",12 GB RAM | 256 GB ROM16.66 cm (6.56 inch) Full HD+ Display64MP + 8MP + 2MP | 32MP Front Camera4830 mAh Lithium BatteryMediatek Dimensity 1300 ProcessorColor Changing Fluorite AG Glass Design120 Hz 3D Curve Display1 Year on Handset and 6 Months on Accessories,4.3
153,"realme GT Neo 3 (150W - Thor Limited Edition) (Nitro Blue, 256 GB)","₹35,899","8 GB RAM | 128 GB ROM | Expandable Upto 1 TB16.76 cm (6.6 inch) Full HD+ Display48MP + 8MP + 5MP | 13MP Front Camera5000 mAh Li-ion Battery BatteryDimensity 1080, Octa Core Processor1 year manufacturer warranty for device and 6 months manufacturer warranty for in-box accessories",4.5
154,"Mi Mix 2 (Black, 128 GB)","₹30,999",12 GB RAM | 256 GB ROM17.22 cm (6.78 Inch) Full HD+ AMOLED Display50MP (OIS) + 8MP + 2MP | 50MP Front Camera4600 mAh BatteryMediatek Dimensity 7200 5G Processor1 Year Brand Warranty,4.5
155,"OnePlus 8 (Interstellar Glow, 256 GB)","₹36,999",8 GB RAM | 256 GB ROM17.22 cm (6.78 inch) Full HD+ Display50MP (OIS) + 8MP + 2MP | 50MP Front Camera4600 mAh BatteryMediatek Dimensity 8200 Processor1 Year Manufacturer Warranty for Phone and 6 Months Warranty for In the Box Accessories,4
156,"OnePlus 11R 5G (Sonic Black, 128 GB)","₹39,999",12 GB RAM | 256 GB ROM17.02 cm (6.7 inch) Display50MP Rear Camera5000 mAh Battery1 Year Manufacturer Warranty for Handset and 6 Months Warranty for In the Box Accessories,4.2
157,"SAMSUNG Galaxy S20 FE (Cloud Mint, 128 GB)","₹34,990",8 GB RAM | 128 GB ROM16.64 cm (6.55 inch) Full HD+ Display50MP + 13MP + 2MP | 32MP Front Camera4400 mAh Lithium BatteryQualcomm Snapdragon 888 + Processor1 Year on Handset and 6 Months on Accessories,4.3
158,"Xiaomi 11T Pro 5G Hyperphone (Moonlight White, 256 GB)","₹37,999",8 GB RAM | 128 GB ROM17.22 cm (6.78 inch) Full HD+ Display50MP (OIS) + 8MP + 2MP | 50MP Front Camera4600 mAh BatteryMediatek Dimensity 8200 Processor1 Year Manufacturer Warranty for Phone and 6 Months Warranty for In the Box Accessories,4.5
159,"realme GT Neo 3T (Drifting White, 128 GB)","₹37,999",8 GB RAM | 128 GB ROM17.22 cm (6.78 inch) Full HD+ Display50MP (OIS) + 8MP + 2MP | 50MP Front Camera4600 mAh BatteryMediatek Dimensity 8200 Processor1 Year Manufacturer Warranty for Phone and 6 Months Warranty for In the Box Accessories,4.3
160,"OnePlus 8 (Onyx Black, 256 GB)","₹37,999","8 GB RAM | 128 GB ROM | Expandable Upto 1 TB16.76 cm (6.6 inch) Full HD+ Display48MP + 8MP + 5MP | 13MP Front Camera5000 mAh Li-ion Battery BatteryDimensity 1080, Octa Core Processor1 year manufacturer warranty for device and 6 months manufacturer warranty for in-box accessories",4.3
161,"realme GT Neo 3T (Drifting White, 256 GB)","₹30,999",6 GB RAM | 128 GB ROM16.94 cm (6.67 inch) Full HD+ Display64MP + 13MP + 5MP | 20MP Front Camera5000 mAh Li-ion Polymer BatteryQualcomm Snapdragon 865 Processor144Hz Intelligent AdaptiveSync Display33W Dual Split Flash Charge1 Year Manufacturer Warranty for Device and 6 Months Manufacturer Warranty for In-box Accessories,4
162,"realme GT Neo 3T (Dash Yellow, 128 GB)","₹25,290",8 GB RAM | 128 GB ROM16.94 cm (6.67 inch) Full HD+ Display64MP + 13MP + 5MP | 20MP Front Camera5000 mAh Li-ion Polymer BatteryQualcomm Snapdragon 865 Processor144Hz Intelligent AdaptiveSync Display33W Dual Split Flash Charge1 Year Manufacturer Warranty for Device and 6 Months Manufacturer Warranty for In-box Accessories,4.2
163,"IQOO 9 5G (Alpha, 128 GB)","₹37,999",6 GB RAM | 128 GB ROM | Expandable Upto 1 TB16.51 cm (6.5 inch) Full HD+ Display64MP + 12MP + 5MP + 5MP | 32MP Front Camera5000 mAh Lithium Ion BatteryExynos Octa Core Processor Processor1 Year Manufacturer Warranty for Device and 6 Months Manufacturer Warranty for In-Box,4.3
164,"SAMSUNG Galaxy A52s 5G (Awesome Mint, 128 GB)","₹31,999",8 GB RAM | 256 GB ROM | Expandable Upto 1 TB16.51 cm (6.5 inch) Full HD+ Display64MP + 12MP + 5MP + 5MP | 32MP Front Camera5000 mAh Lithium Ion BatteryExynos Octa Core Processor Processor1 Year Manufacturer Warranty for Device and 6 Months Manufacturer Warranty for In-Box,4.3
165,"realme GT Neo 3T (Dash Yellow, 256 GB)","₹34,990",12 GB RAM | 256 GB ROM17.22 cm (6.78 inch) Full HD+ Display64MP + 2MP + 2MP | 16MP + 16MP Dual Front Camera5000 mAh BatteryMediatek Dimensity 8200 (4 nm) Processor1 Year Brand Warranty,4.5
166,"vivo X21 (Black, 128 GB)","₹33,989",12 GB RAM | 256 GB ROM16.64 cm (6.55 inch) Display48MP + 2MP + 16MP4300 mAh BatteryQualcomm Snapdragon 865 Processor1 year manufacturer warranty for device and 6 months manufacturer warranty for in-box accessories,4.2
167,"ASUS ZenFone 5Z (Midnight Blue, 128 GB)","₹35,990",12 GB RAM | 256 GB ROM16.33 cm (6.43 inch) Display50MP Rear Camera4500 mAh Battery12 months,4.2
168,"Mi 10T (Lunar Silver, 128 GB)","₹32,990",8 GB RAM | 128 GB ROM | Expandable Upto 1 TB16.51 cm (6.5 inch) Full HD+ Display12MP + 12MP + 8MP Rear Camera | 32MP Front Camera4500 mAh Lithium Ion BatteryExynos Octa Core ProcessorSuper AMOLED Display | 120 Hz RateIP68 Rating1 Year Warranty Provided by the Manufacturer from Date of Purchase,4
169,"Xiaomi 11T Pro 5G Hyperphone (Meteorite Black, 256 GB)","₹50,010",12 GB RAM | 256 GB ROM17.02 cm (6.7 inch) Full HD+ Display50MP + 8MP + 2MP | 16MP Front Camera4500 mAh Lithium Ion BatteryMediatek Dimensity 8100 Processor1 Year Manufacturer Warranty for Phone and 6 Months Warranty for In-Box Accessories,4
170,"OnePlus 9 5G (Astral Black, 256 GB)","₹36,999",12 GB RAM | 256 GB ROM17.02 cm (6.7 inch) Full HD+ Display50MP + 8MP + 2MP | 16MP Front Camera4500 mAh Lithium Ion BatteryMediatek Dimensity 8100 Processor1 Year Manufacturer Warranty for Phone and 6 Months Warranty for In-Box Accessories,3.8
171,"OnePlus 9 5G (Winter Mist, 256 GB)","₹36,999",8 GB RAM | 256 GB ROM | Expandable Upto 1 TB16.51 cm (6.5 inch) Full HD+ Display64MP + 12MP + 5MP + 5MP | 32MP Front Camera5000 mAh Lithium Ion BatteryExynos Octa Core Processor Processor1 Year Manufacturer Warranty for Device and 6 Months Manufacturer Warranty for In-Box,4.5
172,"Lenovo Z6 Pro (Black, 128 GB)","₹36,990",8 GB RAM | 128 GB ROM16.66 cm (6.56 inch) Full HD+ Display48MP + 13MP + 13MP | 32MP Front Camera4300 mAh Lithium-ion BatteryQualcomm Snapdragon 870 ProcessorAMOLED Display1 Year for Handset and 6 Months for In-box Accessories,4.5
173,"OnePlus 7 Pro (Mirror Grey, 256 GB)","₹37,999",8 GB RAM | 128 GB ROM | Expandable Upto 12 GB16.66 cm (6.56 inch) Full HD+ Display108MP + 8MP + 2MP | 50MP + 8MP Dual Front Camera4300 mAh Lithium BatteryMediatek Dimensity 1200 Processor1 Year Manufacturer Warranty for Phone and 6 Months Warranty for In the Box Accessories,4.7
174,"OnePlus 7T Pro (Haze Blue, 256 GB)","₹38,990",12 GB RAM | 256 GB ROM17.02 cm (6.7 inch) Full HD+ Display50MP + 8MP + 2MP | 16MP Front Camera4500 mAh Lithium Ion BatteryMediatek Dimensity 8100 Processor1 Year Manufacturer Warranty for Phone and 6 Months Warranty for In-Box Accessories,4.5
175,"OnePlus 8 Pro (Glacial Green, 128 GB)","₹36,999",8 GB RAM | 128 GB ROM16.94 cm (6.67 inch) Display108MP Rear Camera5000 mAh Battery12 months,4.4
176,"APPLE iPhone 8 (Gold, 64 GB)","₹38,990",6 GB RAM | 128 GB ROM | Expandable Upto 1 TB16.51 cm (6.5 inch) Full HD+ Display64MP + 12MP + 5MP + 5MP | 32MP Front Camera4500 mAh Li-ion BatteryQualcomm Snapdragon 778G Processor1 Year Manufacturer Warranty for Device and 6 Months Manufacturer Warranty for In-box Accessories,4.4
177,"APPLE iPhone 6 (Silver, 16 GB)","₹38,900",12 GB RAM | 256 GB ROM17.02 cm (6.7 inch) Full HD+ Display50MP + 8MP + 2MP | 16MP Front Camera4500 mAh Lithium Ion BatteryMediatek Dimensity 8100 Processor1 Year Manufacturer Warranty for Phone and 6 Months Warranty for In-Box Accessories,4
178,"OPPO Reno5 Pro 5G (Astral Blue, 128 GB)","₹36,999",6 GB RAM | 128 GB ROM15.21 cm (5.99 inch) Full HD+ Display12MP Rear Camera | 5MP Front Camera3400 mAh Li-polymer BatteryQualcomm Snapdragon 835 Octa Core 2.5 GHz ProcessorBrand Warranty of 1 Year Available for Mobile and 6 Months for Accessories,4.2
179,"Xiaomi 11T Pro 5G Hyperphone (Celestial Magic, 256 GB)","₹37,999",12 GB RAM | 256 GB ROM16.64 cm (6.55 inch) Display48MP + 2MP + 16MP4300 mAh BatteryQualcomm Snapdragon 865 Processor1 year manufacturer warranty for device and 6 months manufacturer warranty for in-box accessories,4.5
180,"Xiaomi 11T Pro 5G Hyperphone (Celestial Magic, 256 GB)","₹35,990",8 GB RAM | 128 GB ROM17.02 cm (6.7 inch) Display50MP Rear Camera5000 mAh BatteryDomestic warranty of 12 months on phone & 6 months on accessories,4.6
181,"Huawei P9 (Prestige Gold, 32 GB)","₹38,999",8 GB RAM | 128 GB ROM16.51 cm (6.5 inch) Display12MP Rear Camera4500 mAh Battery1 year manufacturer warranty for device and 6 months manufacturer warranty for in-box accessories including batteries from the date of purchase,4.2
182,"realme X2 Pro (Neptune Blue, 256 GB)","₹74,999",12 GB RAM | 256 GB ROM16.94 cm (6.67 inch) Display108MP Rear Camera5000 mAh Battery12 months,4.3
183,"SAMSUNG Galaxy A52s 5G (Awesome White, 128 GB)","₹35,990",8 GB RAM | 128 GB ROM16.81 cm (6.62 inch) Full HD+ AMOLED Display64MP + 8MP + 2MP | 16MP Front Camera5000 mAh Lithium Ion BatteryQualcomm Snapdragon 870 Processor1 Year Manufacturer Warranty for Phone and 6 Months Warranty for In-Box Accessories,4.1
184,"ASUS 6Z (Black, 64 GB)","₹36,999",12 GB RAM | 256 GB ROM16.64 cm (6.55 inch) Display48MP + 2MP + 16MP | 16MP Front Camera4300 mAh BatteryQualcomm Snapdragon 865 Processor1 year manufacturer warranty for device and 6 months manufacturer warranty for in-box accessories,4.5
185,"SAMSUNG A52s 5G (Awesome Black, 128 GB)","₹35,990",8 GB RAM | 256 GB ROM16.81 cm (6.62 inch) Full HD+ AMOLED Display64MP + 8MP + 2MP | 16MP Front Camera5000 mAh Lithium Ion BatteryQualcomm Snapdragon 870 Processor1 Year Manufacturer Warranty for Phone and 6 Months Warranty for In-Box Accessories,4.5
186,"APPLE iPhone 8 (Silver, 64 GB)","₹38,999",8 GB RAM | 128 GB ROM16.81 cm (6.62 inch) Full HD+ AMOLED Display64MP + 8MP + 2MP | 16MP Front Camera5000 mAh Lithium Ion BatteryQualcomm Snapdragon 870 Processor1 Year Manufacturer Warranty for Phone and 6 Months Warranty for In-Box Accessories,4.2
187,"Huawei P9 (Mystic Silver, 32 GB)","₹36,999",8 GB RAM | 128 GB ROM16.66 cm (6.56 inch) Display48MP + 48MP + 13MP + 13MP | 16MP + 16MP Dual Front Camera4350 mAh Battery1 Year,4.4
188,"SAMSUNG Galaxy A52s 5G (Awesome Violet, 128 GB)","₹33,388","8 GB RAM | 128 GB ROM16.51 cm (6.5 inch) Display64MP Rear Camera4500 mAh Battery1 YEAR Brand warranty on phone, 6 months on accessories",4.4
189,"OPPO Reno3 Pro (Midnight Black, 256 GB)","₹35,950",8 GB RAM | 256 GB ROM16.81 cm (6.62 inch) Full HD+ AMOLED Display64MP + 8MP + 2MP | 16MP Front Camera5000 mAh Lithium Ion BatteryQualcomm Snapdragon 870 Processor1 Year Manufacturer Warranty for Phone and 6 Months Warranty for In-Box Accessories,4.1
190,"OPPO Reno5 Pro 5G (Starry Black, 128 GB)","₹38,999",6 GB RAM | 128 GB ROM | Expandable Upto 256 GB15.95 cm (6.28 inch) Full HD+ Display12MP + 5MP | 12MP Front Camera3200 mAh Li-ion BatteryQualcomm Snapdragon 660 AIE ProcessorBrand Warranty of 1 Year Available for Mobile and 6 Months for Accessories,4.1
191,"POCO C55 (Power Black, 128 GB)","₹36,990",6 GB RAM | 128 GB ROM | Expandable Upto 2 TB15.75 cm (6.2 inch) Full HD+ Display12MP + 8MP | 8MP Front Camera3300 mAh BatteryQualcomm Snapdragon 845 Octa Core ProcessorBrand Warranty of 1 Year Available for Handset and 6 Months for Accessories,4.2
192,"POCO C55 (Forest Green, 128 GB)","₹36,299",6 GB RAM | 128 GB ROM16.94 cm (6.67 inch) Full HD+ Display64MP + 13MP + 5MP | 20MP Front Camera5000 mAh Li-ion Polymer BatteryQualcomm Snapdragon 865 Processor144Hz Intelligent AdaptiveSync Display33W Dual Split Flash Charge1 Year Manufacturer Warranty for Device and 6 Months Manufacturer Warranty for In-box Accessories,4.1
193,"POCO C50 (Royal Blue, 32 GB)","₹26,290",12 GB RAM | 256 GB ROM16.94 cm (6.67 inch) Display108MP Rear Camera5000 mAh Battery12 months,4.2
194,"POCO C55 (Cool Blue, 128 GB)","₹36,990",12 GB RAM | 256 GB ROM16.81 cm (6.62 inch) Display48MP Rear Camera4500 mAh Battery12 months,4.3
195,"POCO C50 (Country Green, 32 GB)","₹39,898",12 GB RAM | 256 GB ROM16.64 cm (6.55 inch) Display48MP Rear Camera4500 mAh Battery1 Year,4.3
196,"REDMI 11 Prime (Flashy Black, 128 GB)","₹36,990",8 GB RAM | 128 GB ROM | Expandable Upto 512 GB16.23 cm (6.39 inch) Full HD+ Display48MP + 2MP + 16MP + 8MP | 32MP Front Camera4000 mAh Li-polymer BatteryQualcomm SDM855 ProcessorBrand Warranty of 1 Year Available for Mobile and 6 Months for Accessories,4.4
197,"REDMI 11 Prime (Peppy Purple, 128 GB)","₹39,999",8 GB RAM | 256 GB ROM16.94 cm (6.67 inch) Display48 MP + 8 MP + 16 MP | 16MP Front Camera4000 mAh Battery1 year manufacturer warranty for device and 6 months manufacturer warranty for in-box accessories including batteries from the date of purchase,4
198,"Infinix Smart 7 HD (Green Apple, 64 GB)","₹36,990","8 GB RAM | 256 GB ROM16.94 cm (6.67 inch) Quad HD+ Display48MP +8MP+16MP | 16MP Dual Front Camera4085 mAh BatteryQualcomm® Snapdragon™ 855 Plus (Octa-core, 7nm, up to 2.96 GHz) , with Qualcomm AI Engine Processor1 year manufacturer warranty for device and 6 months manufacturer warranty for in-box accessories including batteries from the date of purchase",4.3
199,"MOTOROLA e13 (Cosmic Black, 64 GB)","₹36,990",8 GB RAM | 128 GB ROM17.22 cm (6.78 inch) Full HD+ Display48MP + 8MP + 5MP | 16MP Front Camera4510 mAh BatteryQualcomm Snapdragon 865 Processor1 Year,4.1
200,"POCO C51 (Royal Blue, 64 GB)","₹39,990","64 GB ROM11.94 cm (4.7 inch) Retina HD Display12MP Rear Camera | 7MP Front CameraA11 Bionic Chip with 64-bit Architecture, Neural Engine, Embedded M11 Motion Coprocessor ProcessoriOS 13 CompatibleBrand Warranty of 1 Year",4.3
201,"MOTOROLA G32 (Mineral Gray, 128 GB)","₹39,900",16 GB ROM11.94 cm (4.7 inch) Retina HD Display8MP Rear Camera | 1.2MP Front CameraApple A8 64-bit processor and M8 Motion Co-processor1 Year Manufacturer Warranty,4.3
202,"Infinix SMART 7 (Night Black, 64 GB)","₹36,990",8 GB RAM | 128 GB ROM16.64 cm (6.55 inch) Full HD+ Display64MP + 8MP + 2MP + 2MP | 32MP Front Camera4350 mAh Lithium-ion Polymer BatteryMediaTek Dimensity 1000+ (MT6889) Processor65W Super VOOC 2.0 Charging | ColorOS 11.1 (Based on Android 11)3D Borderless Sense Screen | AI Highlight Video (Ultra Night Video + Live HDR) | Super AMOLED DisplayBrand Warranty of 1 Year Available for Mobile Including Battery and 6 Months for Accessories,4.3
203,"Infinix SMART 7 (Emerald Green, 64 GB)","₹35,990",8 GB RAM | 256 GB ROM16.94 cm (6.67 inch) Display108MP Rear Camera5000 mAh Battery12 months,3.9
204,"Infinix SMART 7 (Azure Blue, 64 GB)","₹35,999",12 GB RAM | 256 GB ROM16.94 cm (6.67 inch) Display108MP Rear Camera5000 mAh Battery12 months,4
205,"MOTOROLA g13 (Lavender Blue, 128 GB)","₹35,490",3 GB RAM | 32 GB ROM | Expandable Upto 128 GB13.21 cm (5.2 inch) Full HD Display12MP + 12MP | 8MP Front Camera3000 mAh BatteryHUAWEI Kirin 955 ARM Cortex-A72 64-bit + ARM Cortex-A53 64-bit Octa Core 2.5GHz ProcessorBrand Warranty of 1 Year Available for Mobile and 6 Months for Accessories,4.3
206,"POCO C50 (Royal Blue, 32 GB)","₹39,999",12 GB RAM | 256 GB ROM16.51 cm (6.5 inch) Full HD+ Display64MP + 13MP + 8MP + 2MP | 16MP Front Camera4000 mAh BatteryQualcomm Snapdragon 855 Plus Processor90 Hz Ultra Smooth Display50W Super Vooc Flash Charge20X Hybrid ZoomBrand Warranty of 1 Year Available for Mobile and 6 Months for Accessories,4.1
207,"REDMI 11 Prime (Playful Green, 128 GB)","₹35,999",6 GB RAM | 128 GB ROM | Expandable Upto 1 TB16.51 cm (6.5 inch) Full HD+ Display64MP + 12MP + 5MP + 5MP | 32MP Front Camera4500 mAh Li-ion BatteryQualcomm Snapdragon 778G Processor1 Year Manufacturer Warranty for Device and 6 Months Manufacturer Warranty for In-box Accessories,4.3
208,"REDMI A1+ (Light Green, 32 GB)","₹37,900",6 GB RAM | 64 GB ROM | Expandable Upto 2 TB16.23 cm (6.39 inch) Full HD+ Display48MP + 13MP | 48MP + 13MP Dual Front Camera5000 mAh BatteryQualcomm SD 855 ProcessorFlip CameraBrand Warranty of 1 Year Available for Mobile and 6 Months for Accessories,4.3
209,"Infinix HOT 30i (Mirror Black, 64 GB)","₹35,999",6 GB RAM | 128 GB ROM16.51 cm (6.5 inch) Display64MP Rear Camera4500 mAh Battery1 year on phone & 6 months on accessories,4.3
210,"Infinix HOT 30i (Glacier Blue, 128 GB)","₹38,999","64 GB ROM11.94 cm (4.7 inch) Retina HD Display12MP Rear Camera | 7MP Front CameraA11 Bionic Chip with 64-bit Architecture, Neural Engine, Embedded M11 Motion Coprocessor ProcessoriOS 13 CompatibleBrand Warranty of 1 Year",4.3
211,"Infinix HOT 30i (Diamond White, 128 GB)","₹39,900",3 GB RAM | 32 GB ROM | Expandable Upto 128 GB13.21 cm (5.2 inch) Full HD Display12MP + 12MP | 8MP Front Camera3000 mAh BatteryHUAWEI Kirin 955 ARM Cortex-A72 64-bit + ARM Cortex-A53 64-bit ProcessorBrand Warranty of 1 Year Available for Mobile and 6 Months for Accessories,4.3
212,"Infinix HOT 30i (Mirror Black, 128 GB)","₹39,999",6 GB RAM | 128 GB ROM | Expandable Upto 1 TB16.51 cm (6.5 inch) Full HD+ Display64MP + 12MP + 5MP + 5MP | 32MP Front Camera4500 mAh Li-ion BatteryQualcomm Snapdragon 778G Processor1 Year Manufacturer Warranty for Device and 6 Months Manufacturer Warranty for In-box Accessories,4.3
213,"Infinix HOT 30i (Diamond White, 64 GB)","₹34,999",8 GB RAM | 256 GB ROM | Expandable Upto 256 GB16.26 cm (6.4 inch) Display64MP + 13MP + 8MP + 2MP | 44MP + 2MP Dual Front Camera4025 mAh BatteryMediaTek Helio P95 ProcessorUltra Steady Video 2.0 and Video BokehWorld's 1st 44MP Dual Punch Hole CameraBrand Warranty of 1 Year Available for Mobile and 6 Months for Accessories,4.3
214,"Infinix HOT 30i (Marigold, 64 GB)","₹28,791",8 GB RAM | 128 GB ROM16.64 cm (6.55 inch) Full HD+ Display64MP + 8MP + 2MP + 2MP | 32MP Front Camera4350 mAh Lithium-ion Polymer BatteryMediaTek Dimensity 1000+ (MT6889) Processor65W Super VOOC 2.0 Charging | ColorOS 11.1 (Based on Android 11)3D Borderless Sense Screen | AI Highlight Video (Ultra Night Video + Live HDR) | Super AMOLED DisplayBrand Warranty of 1 Year Available for Mobile Including Battery and 6 Months for Accessories,4.3
215,"Infinix HOT 30i (Glacier Blue, 64 GB)","₹35,990",6 GB RAM | 128 GB ROM | Expandable Upto 1 TB17.04 cm (6.71 inch) HD+ Display50MP Dual Rear Camera | 5MP Front Camera5000 mAh BatteryMediatek Helio G85 Processor1 Year Manufacturer Warranty for Phone and 6 Months Warranty for In the Box Accessories,4.3
216,"Infinix HOT 30i (Marigold, 128 GB)","₹9,499",6 GB RAM | 128 GB ROM | Expandable Upto 1 TB17.04 cm (6.71 inch) HD+ Display50MP Dual Rear Camera | 5MP Front Camera5000 mAh BatteryMediatek Helio G85 Processor1 Year Manufacturer Warranty for Phone and 6 Months Warranty for In the Box Accessories,3.9
217,"POCO C51 (Power Black, 64 GB)","₹9,499","2 GB RAM | 32 GB ROM | Expandable Upto 512 GB16.56 cm (6.52 inch) HD+ Display8MP Dual Camera | 5MP Front Camera5000 mAh Lithium Polymer BatteryMediatek Helio A22 Processor, Upto 2.0 GHz Processor1 Year Manufacturer Warranty for Phone and 6 Months Warranty for In the Box Accessories",4.2
218,"MOTOROLA e32 (Arctic Blue, 64 GB)","₹5,499",6 GB RAM | 128 GB ROM | Expandable Upto 1 TB17.04 cm (6.71 inch) HD+ Display50MP Dual Rear Camera | 5MP Front Camera5000 mAh BatteryMediatek Helio G85 Processor1 Year Manufacturer Warranty for Phone and 6 Months Warranty for In the Box Accessories,4
219,"POCO M5 (Icy Blue, 64 GB)","₹9,499","2 GB RAM | 32 GB ROM | Expandable Upto 512 GB16.56 cm (6.52 inch) HD+ Display8MP Dual Camera | 5MP Front Camera5000 mAh Lithium Polymer BatteryMediatek Helio A22 Processor, Upto 2.0 GHz Processor1 Year Manufacturer Warranty for Phone and 6 Months Warranty for In the Box Accessories",4.4
220,"POCO C50 (Country Green, 32 GB)","₹5,499",6 GB RAM | 128 GB ROM | Expandable Upto 512 GB16.71 cm (6.58 inch) Full HD+ Display50MP + 2MP + 2MP | 8MP Front Camera5000 mAh BatteryHelio G99 Processor1 Year Manufacturer Warranty for Phone and 6 Months Warranty for In the Box Accessories,4.4
221,"vivo T2x 5G (Aurora Gold, 128 GB)","₹10,999",6 GB RAM | 128 GB ROM | Expandable Upto 512 GB16.71 cm (6.58 inch) Full HD+ Display50MP + 2MP + 2MP | 8MP Front Camera5000 mAh BatteryHelio G99 Processor1 Year Manufacturer Warranty for Phone and 6 Months Warranty for In the Box Accessories,4.4
222,"vivo T2x 5G (Marine Blue, 128 GB)","₹10,999","2 GB RAM | 64 GB ROM | Expandable Upto 1 TB16.76 cm (6.6 inch) HD+ Display8MP + AI Lens | 5MP Front Camera5000 mAh BatterySpreadtrum 
SC9863A1 Processor1 Year on Handset and 6 Months on Accessories",4.3
223,"vivo T2x 5G (Glimmer Black, 128 GB)","₹6,199",4 GB RAM | 64 GB ROM | Expandable Upto 1 TB16.51 cm (6.5 inch) HD+ Display13MP Rear Camera | 5MP Front Camera5000 mAh BatteryUnisoc T606 Processor1 Year on Handset and 6 Months on Accessories,4.3
224,"vivo T2x 5G (Aurora Gold, 128 GB)","₹7,299",4 GB RAM | 64 GB ROM | Expandable Upto 1 TB16.56 cm (6.52 inch) HD+ Display8MP Dual Rear Camera | 5MP Front Camera5000 mAh BatteryHelio G36 Processor1 Year Manufacturer Warranty for Phone and 6 Months Warranty for in the Box Accessories,4.5
225,"vivo T2x 5G (Marine Blue, 128 GB)","₹6,999",8 GB RAM | 128 GB ROM16.51 cm (6.5 inch) Full HD+ Display50MP + 8MP + 2MP | 16MP Front Camera5000 mAh Lithium Polymer BatteryQualcomm Snapdragon 680 Processor1 Year on Handset and 6 Months on Accessories,4.5
226,"vivo T2x 5G (Glimmer Black, 128 GB)","₹11,999",4 GB RAM | 64 GB ROM | Expandable Upto 2 TB16.76 cm (6.6 inch) HD+ Display13MP + AI Lens | 5MP Front Camera6000 mAh BatteryUnisoc Spreadtrum SC9863A1 Processor1 Year on Handset and 6 Months on Accessories,4
227,"vivo T2x 5G (Aurora Gold, 128 GB)","₹7,299",4 GB RAM | 64 GB ROM | Expandable Upto 2 TB16.76 cm (6.6 inch) HD+ Display13MP + AI Lens | 5MP Front Camera6000 mAh BatteryUnisoc Spreadtrum SC9863A1 Processor1 Year on Handset and 6 Months on Accessories,3.9
228,"MOTOROLA e13 (Creamy White, 64 GB)","₹7,299",4 GB RAM | 64 GB ROM | Expandable Upto 2 TB16.76 cm (6.6 inch) HD+ Display13MP + AI Lens | 5MP Front Camera6000 mAh BatteryUnisoc Spreadtrum SC9863A1 Processor1 Year on Handset and 6 Months on Accessories,4.1
229,"MOTOROLA g13 (Matte Charcoal, 128 GB)","₹7,299",4 GB RAM | 128 GB ROM | Expandable Upto 1 TB16.51 cm (6.5 inch) HD+ Display50MP + 2MP + 2MP | 8MP Front Camera5000 mAh BatteryHelio G85 Processor1 Year on Handset and 6 Months on Accessories,4.4
230,"REDMI A1+ (Black, 32 GB)","₹9,999","3 GB RAM | 32 GB ROM | Expandable Upto 512 GB16.56 cm (6.52 inch) HD+ Display8MP Dual Camera | 5MP Front Camera5000 mAh Lithium Polymer BatteryMediatek Helio A22 Processor, Upto 2.0 GHz Processor1 Year Manufacturer Warranty for Phone and 6 Months Warranty for In the Box Accessories",4.4
231,"realme C33 2023 (Night Sea, 128 GB)","₹6,199",6 GB RAM | 128 GB ROM | Expandable Upto 512 GB16.71 cm (6.58 inch) Full HD+ Display50MP + 2MP + 2MP | 8MP Front Camera5000 mAh BatteryHelio G99 Processor1 Year Manufacturer Warranty for Phone and 6 Months Warranty for In the Box Accessories,4.4
232,"realme C33 2023 (Aqua Blue, 128 GB)","₹10,999",3 GB RAM | 32 GB ROM | Expandable Upto 512 GB16.56 cm (6.52 inch) HD+ Display8MP Rear Camera | 5MP Front Camera5000 mAh Lithium Polymer BatteryMediatek Helio A22 Processor1 Year Manufacturer Warranty for Phone and 6 Months Warranty for in the Box Accessories,4.5
233,"realme C33 2023 (Sandy Gold, 128 GB)","₹6,599",4 GB RAM | 64 GB ROM | Expandable Upto 1 TB16.76 cm (6.6 inch) HD+ Display50MP + AI Lens | 5MP Front Camera5000 mAh BatteryG37 Processor1 Year on Handset and 6 Months on Accessories,4.4
234,"OnePlus 7 Pro (Almond, 256 GB)","₹7,999",8 GB RAM | 128 GB ROM | Expandable Upto 1 TB16.76 cm (6.6 inch) HD+ Display50MP + AI Lens | 5MP Front Camera5000 mAh BatteryG37 Processor1 Year on Handset and 6 Months on Accessories,4.2
235,"vivo V27 5G (Noble Black, 256 GB)","₹8,999",8 GB RAM | 128 GB ROM | Expandable Upto 1 TB16.76 cm (6.6 inch) HD+ Display50MP + AI Lens | 5MP Front Camera5000 mAh BatteryG37 Processor1 Year on Handset and 6 Months on Accessories,4.2
236,"SAMSUNG Galaxy A52s 5G (Awesome Black, 128 GB)","₹8,999",8 GB RAM | 128 GB ROM | Expandable Upto 1 TB16.76 cm (6.6 inch) HD+ Display50MP + AI Lens | 5MP Front Camera5000 mAh BatteryG37 Processor1 Year on Handset and 6 Months on Accessories,4.6
237,"SAMSUNG Galaxy A52s 5G (Awesome White, 128 GB)","₹8,999",4 GB RAM | 64 GB ROM | Expandable Upto 1 TB16.76 cm (6.6 inch) HD+ Display50MP + AI Lens | 5MP Front Camera5000 mAh BatteryG37 Processor1 Year on Handset and 6 Months on Accessories,4.3
238,"Apple iPhone XR ((PRODUCT)RED, 64 GB) (Includes EarPods, Power Adapter)","₹7,999",4 GB RAM | 64 GB ROM | Expandable Upto 1 TB16.76 cm (6.6 inch) HD+ Display50MP + AI Lens | 5MP Front Camera5000 mAh BatteryG37 Processor1 Year on Handset and 6 Months on Accessories,4.4
239,"OnePlus 9RT 5G (Nano Silver, 128 GB)","₹7,999",4 GB RAM | 64 GB ROM | Expandable Upto 1 TB16.76 cm (6.6 inch) HD+ Display50MP + AI Lens | 5MP Front Camera5000 mAh BatteryG37 Processor1 Year on Handset and 6 Months on Accessories,4.2
240,"OnePlus Nord CE 2 Lite 5G (Blue Tide, 128 GB)","₹7,999",8 GB RAM | 128 GB ROM | Expandable Upto 1 TB16.76 cm (6.6 inch) HD+ Display50MP + AI Lens | 5MP Front Camera5000 mAh BatteryG37 Processor1 Year on Handset and 6 Months on Accessories,4.1
241,"POCO C55 (Forest Green, 64 GB)","₹8,999",4 GB RAM | 64 GB ROM | Expandable Upto 1 TB16.56 cm (6.52 inch) HD+ Display8MP Dual Rear Camera | 5MP Front Camera5000 mAh BatteryHelio G36 Processor1 Year Manufacturer Warranty for Phone and 6 Months Warranty for in the Box Accessories,3.9
242,"REDMI A1+ (Light Blue, 32 GB)","₹6,999",4 GB RAM | 64 GB ROM | Expandable Upto 1 TB16.51 cm (6.5 inch) HD+ Display50MP + 2MP | 8MP Front Camera5000 mAh BatteryMediatek Helio G37 Processor1 Year on Handset and 6 Months on Accessories,4.2
243,"MOTOROLA e32 (Eco Black, 64 GB)","₹7,999","4 GB RAM | 64 GB ROM | Expandable Upto 512 GB16.71 cm (6.58 inch) Full HD+ Display50MP + 2MP Depth Sensor + 2MP Macro Sensor | 8MP Front Camera5000 mAh Lithium-ion Polymer BatteryMediatek Helio G99 Processor1 Year for Handset, 6 Months for Accessories",4.4
244,"POCO M5 (Power Black, 64 GB)","₹8,749","3 GB RAM | 32 GB ROM | Expandable Upto 512 GB16.56 cm (6.52 inch) HD+ Display8MP Dual Camera | 5MP Front Camera5000 mAh Lithium Polymer BatteryMediatek Helio A22 Processor, Upto 2.0 GHz Processor1 Year Manufacturer Warranty for Phone and 6 Months Warranty for In the Box Accessories",4.4
245,"realme C55 (Rainy Night, 128 GB)","₹6,199",6 GB RAM | 128 GB ROM16.71 cm (6.58 inch) Full HD+ Display50MP + 2MP | 8MP Front Camera5000 mAh BatteryDimensity 6020 Processor1 Year of Device & 6 Months for Inbox Accessories,4.4
246,"realme C55 (Rainforest, 128 GB)","₹13,999",6 GB RAM | 128 GB ROM16.71 cm (6.58 inch) Full HD+ Display50MP + 2MP | 8MP Front Camera5000 mAh BatteryDimensity 6020 Processor1 Year of Device & 6 Months for Inbox Accessories,4.3
247,"realme C55 (Sunshower, 128 GB)","₹13,999",6 GB RAM | 128 GB ROM16.71 cm (6.58 inch) Full HD+ Display50MP + 2MP | 8MP Front Camera5000 mAh BatteryDimensity 6020 Processor1 Year of Device & 6 Months for Inbox Accessories,4.3
248,"realme C55 (Rainforest, 64 GB)","₹13,999",8 GB RAM | 128 GB ROM16.71 cm (6.58 inch) Full HD+ Display50MP + 2MP | 8MP Front Camera5000 mAh BatteryDimensity 6020 Processor1 Year of Device & 6 Months for Inbox Accessories,4.4
249,"realme C55 (Rainy Night, 64 GB)","₹15,999",8 GB RAM | 128 GB ROM16.71 cm (6.58 inch) Full HD+ Display50MP + 2MP | 8MP Front Camera5000 mAh BatteryDimensity 6020 Processor1 Year of Device & 6 Months for Inbox Accessories,4.3
250,"realme C55 (Rainy Night, 64 GB)","₹15,999",4 GB RAM | 128 GB ROM16.71 cm (6.58 inch) Full HD+ Display50MP + 2MP | 8MP Front Camera5000 mAh BatteryDimensity 6020 Processor1 Year of Device & 6 Months for Inbox Accessories,4.4
251,"realme C55 (Sunshower, 64 GB)","₹12,999",4 GB RAM | 128 GB ROM16.71 cm (6.58 inch) Full HD+ Display50MP + 2MP | 8MP Front Camera5000 mAh BatteryDimensity 6020 Processor1 Year of Device & 6 Months for Inbox Accessories,4.4
252,"realme C55 (Sunshower, 64 GB)","₹12,999",4 GB RAM | 64 GB ROM | Expandable Upto 1 TB16.51 cm (6.5 inch) HD+ Display13MP Rear Camera | 5MP Front Camera5000 mAh BatteryUnisoc T606 Processor1 Year on Handset and 6 Months on Accessories,4.3
253,"realme C55 (Rainforest, 64 GB)","₹7,299",4 GB RAM | 128 GB ROM | Expandable Upto 1 TB16.51 cm (6.5 inch) HD+ Display50MP + 2MP + 2MP | 8MP Front Camera5000 mAh BatteryHelio G85 Processor1 Year on Handset and 6 Months on Accessories,4.2
254,"REDMI 10 (Sunrise Orange, 64 GB)","₹9,999",3 GB RAM | 32 GB ROM | Expandable Upto 512 GB16.56 cm (6.52 inch) HD+ Display8MP Rear Camera | 5MP Front Camera5000 mAh Lithium Polymer BatteryMediatek Helio A22 Processor1 Year Manufacturer Warranty for Phone and 6 Months Warranty for in the Box Accessories,4.1
255,"POCO C55 (Power Black, 64 GB)","₹6,599",4 GB RAM | 128 GB ROM | Expandable Upto 1 TB16.51 cm (6.5 inch) HD+ Display50MP + 0.3MP | 5MP Front Camera5000 mAh Lithium Ion BatteryUnisoc T612 Processor1 Year Manufacturer Warranty for Phone and 6 Months Warranty for In-Box Accessories,4.3
256,"POCO X5 5G (Jaguar Black, 128 GB)","₹10,499",4 GB RAM | 128 GB ROM | Expandable Upto 1 TB16.51 cm (6.5 inch) HD+ Display50MP + 0.3MP | 5MP Front Camera5000 mAh Lithium Ion BatteryUnisoc T612 Processor1 Year Manufacturer Warranty for Phone and 6 Months Warranty for In-Box Accessories,4.5
257,"vivo T2x 5G (Glimmer Black, 128 GB)","₹10,499",4 GB RAM | 128 GB ROM | Expandable Upto 1 TB16.51 cm (6.5 inch) HD+ Display50MP + 0.3MP | 5MP Front Camera5000 mAh Lithium Ion BatteryUnisoc T612 Processor1 Year Manufacturer Warranty for Phone and 6 Months Warranty for In-Box Accessories,4.1
258,"vivo T2x 5G (Marine Blue, 128 GB)","₹10,499",8 GB RAM | 256 GB ROM16.94 cm (6.67 inch) Display48 MP + 8 MP + 16 MP | 16MP Front Camera4000 mAh Battery1 year manufacturer warranty for device and 6 months manufacturer warranty for in-box accessories including batteries from the date of purchase,4.1
259,"MOTOROLA G62 5G (Midnight Gray, 128 GB)","₹36,990",12 GB RAM | 256 GB ROM17.22 cm (6.78 Inch) Full HD+ AMOLED Display50MP (OIS) + 8MP + 2MP | 50MP Front Camera4600 mAh BatteryMediatek Dimensity 7200 5G Processor1 Year Brand Warranty,4.2
260,"MOTOROLA G62 5G (Frosted Blue, 128 GB)","₹36,999",8 GB RAM | 128 GB ROM | Expandable Upto 1 TB16.51 cm (6.5 inch) Full HD+ Display64MP + 12MP + 5MP + 5MP | 32MP Front Camera4500 mAh Li-ion BatteryQualcomm Snapdragon 778G Processor1 Year Manufacturer Warranty for Device and 6 Months Manufacturer Warranty for In-box Accessories,4.2
261,"REDMI 10 (Caribbean Green, 128 GB)","₹37,999",8 GB RAM | 128 GB ROM | Expandable Upto 1 TB16.51 cm (6.5 inch) Full HD+ Display64MP + 12MP + 5MP + 5MP | 32MP Front Camera4500 mAh Li-ion BatteryQualcomm Snapdragon 778G Processor1 Year Manufacturer Warranty for Device and 6 Months Manufacturer Warranty for In-box Accessories,4.1
262,"realme C30 (Denim Black, 32 GB)","₹37,999",64 GB ROM15.49 cm (6.1 inch) Display12MP Rear Camera | 7MP Front CameraA12 Bionic Chip ProcessoriOS 13 CompatibleBrand Warranty of 1 Year,
263,"MOTOROLA G32 (Satin Silver, 128 GB)","₹36,999",8 GB RAM | 128 GB ROM16.81 cm (6.62 inch) Display50MP Rear Camera4500 mAh Battery12 months,
264,,"₹39,990",6 GB RAM | 128 GB ROM16.74 cm (6.59 inch) Display64MP Rear Camera5000 mAh Battery12 Months,
265,,"₹18,073",4 GB RAM | 64 GB ROM | Expandable Upto 1 TB17.04 cm (6.71 inch) HD+ Display50MP Dual Rear Camera | 5MP Front Camera5000 mAh BatteryMediatek Helio G85 Processor1 Year Manufacturer Warranty for Phone and 6 Months Warranty for In the Box Accessories,
266,,"₹7,499",3 GB RAM | 32 GB ROM | Expandable Upto 512 GB16.56 cm (6.52 inch) HD+ Display8MP Rear Camera | 5MP Front Camera5000 mAh Lithium Polymer BatteryMediatek Helio A22 Processor1 Year Manufacturer Warranty for Phone and 6 Months Warranty for in the Box Accessories,
267,,"₹6,599",4 GB RAM | 64 GB ROM | Expandable Upto 1 TB16.51 cm (6.5 inch) HD+ Display50MP + 2MP | 8MP Front Camera5000 mAh BatteryMediatek Helio G37 Processor1 Year on Handset and 6 Months on Accessories,
268,,"₹7,999","4 GB RAM | 64 GB ROM | Expandable Upto 512 GB16.71 cm (6.58 inch) Full HD+ Display50MP + 2MP Depth Sensor + 2MP Macro Sensor | 8MP Front Camera5000 mAh Lithium-ion Polymer BatteryMediatek Helio G99 Processor1 Year for Handset, 6 Months for Accessories",
269,,"₹8,749",8 GB RAM | 128 GB ROM | Expandable Upto 1 TB17.07 cm (6.72 inch) Full HD+ Display64MP + 2MP | 8MP Front Camera5000 mAh BatteryHelio G88 Processor1 Year Manufacturer Warranty for Phone and 6 Months Warranty for In the Box Accessories,
270,,"₹13,999",8 GB RAM | 128 GB ROM | Expandable Upto 1 TB17.07 cm (6.72 inch) Full HD+ Display64MP + 2MP | 8MP Front Camera5000 mAh BatteryHelio G88 Processor1 Year Manufacturer Warranty for Phone and 6 Months Warranty for In the Box Accessories,
271,,"₹13,999",8 GB RAM | 128 GB ROM | Expandable Upto 1 TB17.07 cm (6.72 inch) Full HD+ Display64MP + 2MP | 8MP Front Camera5000 mAh BatteryHelio G88 Processor1 Year Manufacturer Warranty for Phone and 6 Months Warranty for In the Box Accessories,
272,,"₹13,999",6 GB RAM | 64 GB ROM | Expandable Upto 1 TB17.07 cm (6.72 inch) Full HD+ Display64MP + 2MP | 8MP Front Camera5000 mAh BatteryHelio G88 Processor1 Year Manufacturer Warranty for Phone and 6 Months Warranty for In the Box Accessories,
273,,"₹11,999",6 GB RAM | 64 GB ROM | Expandable Upto 1 TB17.07 cm (6.72 inch) Full HD+ Display64MP + 2MP | 8MP Front Camera5000 mAh BatteryHelio G88 Processor1 Year Manufacturer Warranty for Phone and 6 Months Warranty for In the Box Accessories,
274,,"₹11,999",4 GB RAM | 64 GB ROM | Expandable Upto 1 TB17.07 cm (6.72 inch) Full HD+ Display64MP + 2MP | 8MP Front Camera5000 mAh BatteryHelio G88 Processor1 Year Manufacturer Warranty for Phone and 6 Months Warranty for In the Box Accessories,
275,,"₹10,999",6 GB RAM | 64 GB ROM | Expandable Upto 1 TB17.07 cm (6.72 inch) Full HD+ Display64MP + 2MP | 8MP Front Camera5000 mAh BatteryHelio G88 Processor1 Year Manufacturer Warranty for Phone and 6 Months Warranty for In the Box Accessories,
276,,"₹11,999",4 GB RAM | 64 GB ROM | Expandable Upto 1 TB17.07 cm (6.72 inch) Full HD+ Display64MP + 2MP | 8MP Front Camera5000 mAh BatteryHelio G88 Processor1 Year Manufacturer Warranty for Phone and 6 Months Warranty for In the Box Accessories,
277,,"₹10,999",4 GB RAM | 64 GB ROM | Expandable Upto 1 TB17.07 cm (6.72 inch) Full HD+ Display64MP + 2MP | 8MP Front Camera5000 mAh BatteryHelio G88 Processor1 Year Manufacturer Warranty for Phone and 6 Months Warranty for In the Box Accessories,
278,,"₹10,999",4 GB RAM | 64 GB ROM | Expandable Upto 1 TB17.02 cm (6.7 inch) HD+ Display50MP + 2MP | 5MP Front Camera6000 mAh Lithium Polymer BatteryQualcomm Snapdragon 680 Processor1 Year Warranty for Phone and 6 Months Warranty for In-Box Accessories,
279,,"₹9,999",4 GB RAM | 64 GB ROM | Expandable Upto 1 TB17.04 cm (6.71 inch) HD+ Display50MP Dual Rear Camera | 5MP Front Camera5000 mAh BatteryMediatek Helio G85 Processor1 Year Manufacturer Warranty for Phone and 6 Months Warranty for In the Box Accessories,
280,,"₹7,499",6 GB RAM | 128 GB ROM | Expandable Upto 1 TB16.94 cm (6.67 inch) Full HD+ Display48MP + 8MP + 2MP | 13MP Front Camera5000 mAh BatteryQualcomm Snapdragon 695 Processor1 Year Manufacturer Warranty for Phone and 6 Months Warranty for In the Box Accessories,
281,,"₹15,999",8 GB RAM | 128 GB ROM16.71 cm (6.58 inch) Full HD+ Display50MP + 2MP | 8MP Front Camera5000 mAh BatteryDimensity 6020 Processor1 Year of Device & 6 Months for Inbox Accessories,
282,,"₹15,999",4 GB RAM | 128 GB ROM16.71 cm (6.58 inch) Full HD+ Display50MP + 2MP | 8MP Front Camera5000 mAh BatteryDimensity 6020 Processor1 Year of Device & 6 Months for Inbox Accessories,
283,,"₹12,999",6 GB RAM | 128 GB ROM16.64 cm (6.55 inch) Full HD+ Display50MP + 8MP + 2MP | 16MP Front Camera5000 mAh Lithium Polymer BatteryQualcomm Snapdragon 695 5G Processor1 Year on Handset and 6 Months on Accessories,
284,,"₹15,499",6 GB RAM | 128 GB ROM16.64 cm (6.55 inch) Full HD+ Display50MP + 8MP + 2MP | 16MP Front Camera5000 mAh Lithium Polymer BatteryQualcomm Snapdragon 695 5G Processor1 Year on Handset and 6 Months on Accessories,
285,,"₹15,499",6 GB RAM | 128 GB ROM | Expandable Upto 1 TB17.02 cm (6.7 inch) HD+ Display50MP + 2MP | 5MP Front Camera6000 mAh Lithium Polymer BatteryQualcomm Snapdragon 680 Processor1 Year Warranty for Phone and 6 Months Warranty for In-Box Accessories,
286,,"₹10,999",2 GB RAM | 32 GB ROM | Expandable Upto 1 TB16.51 cm (6.5 inch) HD+ Display8MP Rear Camera | 5MP Front Camera5000 mAh Lithium Ion BatteryUnisoc T612 Processor1 Year Manufacturer Warranty for Phone and 6 Months Warranty for In-Box Accessories,
287,,"₹5,999",8 GB RAM | 128 GB ROM16.51 cm (6.5 inch) Full HD+ Display50MP + 8MP + 2MP | 16MP Front Camera5000 mAh Lithium Polymer BatteryQualcomm Snapdragon 680 Processor1 Year on Handset and 6 Months on Accessories,
288,,"₹11,999",,
